path,title,category,source,chars
docs/02-数据库配置/31类物品扩展设置.md,31类物品扩展设置,02-数据库配置,31类物品扩展设置.htm,2011
docs/02-数据库配置/Magic详解.md,Magic详解,02-数据库配置,Magic详解[!].htm,606
docs/02-数据库配置/Monster详解.md,Monster详解,02-数据库配置,Monster详解.html,2705
docs/02-数据库配置/Stditem详解.md,Stditem详解,02-数据库配置,Stditem详解.html,3651
docs/02-数据库配置/可探索怪设置.md,可探索怪设置,02-数据库配置,可探索怪物设置.htm,220
docs/02-数据库配置/天生元素字段说明.md,天生元素字段说明,02-数据库配置,天生元素设置.htm,805
docs/02-数据库配置/新怪物数据[!].md,新怪物数据[!],02-数据库配置,新怪物数据[!].htm,11998
docs/02-数据库配置/物品代码表.md,物品代码表,02-数据库配置,物品代码表[!].htm,3519
docs/02-数据库配置/物品所需条件设置.md,物品所需条件设置,02-数据库配置,物品所需条件设置.htm,1045
docs/02-数据库配置/物品极口属性详解.md,物品极口属性详解,02-数据库配置,物品极品属性详解.htm,1054
docs/02-数据库配置/为了减少使用自定义特效以及方便添加装备，对衣服武器的外观特效进行DB数据库支持.md,为了减少使用自定义特效以及方便添加装备，对衣服武器的外观特效进行DB数据库支持,02-数据库配置,特效计算.htm,4238
docs/02-数据库配置/特殊物品设置[!].md,特殊物品设置[!],02-数据库配置,特殊物品设置[!].htm,3616
docs/02-数据库配置/盾牌相关资料.md,盾牌相关资料,02-数据库配置,盾牌.htm,150
docs/02-数据库配置/祝福罐、魔族指令设置.md,祝福罐、魔族指令设置,02-数据库配置,祝福罐、魔族指令.html,684
docs/02-数据库配置/自定义连击素材.md,自定义连击素材,02-数据库配置,自定义(DIY)连击素材.htm,1688
docs/02-数据库配置/自定义回城石.md,自定义回城石,02-数据库配置,自定义回城石.html,366
docs/03-功能操作命令/GetPlayInfo命令使用大全.md,GetPlayInfo命令使用大全,03-功能操作命令,GetPlayInfo命令使用大全.html,5999
docs/03-功能操作命令/HumanHP调整血值.md,HumanHP调整血值,03-功能操作命令,HumanHP调整血量.html,675
docs/03-功能操作命令/个人定时器.md,个人定时器,03-功能操作命令,个人定时器.htm,507
docs/03-功能操作命令/从指定文件中删除字符串[!].md,从指定文件中删除字符串[!],03-功能操作命令,从指定文件中删除字符串[!].htm,835
docs/03-功能操作命令/从文件中随机取文本.md,从文件中随机取文本,03-功能操作命令,从文件中随机取文本.htm,333
docs/03-功能操作命令/使用外置默认浏览器打开网站.md,使用外置默认浏览器打开网站,03-功能操作命令,使用外置默认浏览器打开网站.html,94
"docs/03-功能操作命令/修改地图内怪物属性,修改怪物属性(在原属性的基本上进行加减操作）.md","修改地图内怪物属性,修改怪物属性(在原属性的基本上进行加减操作）",03-功能操作命令,修改地图内怪物属性.html,1467
docs/03-功能操作命令/修改宝宝外观.md,修改宝宝外观,03-功能操作命令,修改宝宝外观.htm,224
docs/03-功能操作命令/修改物品的附加属性值.md,修改物品的附加属性值,03-功能操作命令,修改物品的附加属性值.html,1258
docs/03-功能操作命令/修改装备内观和外观命令.md,修改装备内观和外观命令,03-功能操作命令,修改装备内外观命令.html,144
docs/03-功能操作命令/假人自动练功[!].md,假人自动练功[!],03-功能操作命令,假人自动练功[!].htm,166
docs/03-功能操作命令/关闭NPC大对话框.md,关闭NPC大对话框,03-功能操作命令,关闭NPC大对话框.html,151
docs/03-功能操作命令/关闭自定义NPC对话框.md,关闭自定义NPC对话框,03-功能操作命令,关闭自定义NPC对话框.htm,108
docs/03-功能操作命令/减少合击怒气恢复间隔.md,减少合击怒气恢复间隔,03-功能操作命令,减少怒气增加间隔.htm,284
docs/03-功能操作命令/减少技能冷却时间.md,减少技能冷却时间,03-功能操作命令,减少技能冷却时间.html,875
docs/03-功能操作命令/分割字符串[!].md,分割字符串[!],03-功能操作命令,分割字符串.html,189
docs/03-功能操作命令/创建文件.md,创建文件,03-功能操作命令,创建文件.html,98
docs/03-功能操作命令/删除一个NPC.md,删除一个NPC,03-功能操作命令,删除一个NPC.htm,175
docs/03-功能操作命令/删除人物IP在列表中.md,删除人物IP在列表中,03-功能操作命令,删除人物IP在列表中.html,150
docs/03-功能操作命令/删除人物名在列表中.md,删除人物名在列表中,03-功能操作命令,删除人物在列表中.html,154
docs/03-功能操作命令/删除人物帐号在列表中.md,删除人物帐号在列表中,03-功能操作命令,删除人物帐号在列表中.html,165
docs/03-功能操作命令/删除会员人物及时间.md,删除会员人物及时间,03-功能操作命令,删除会员人物及时间.htm,268
docs/03-功能操作命令/删除列表行会名.md,删除列表行会名,03-功能操作命令,删除列表行会名.htm,151
docs/03-功能操作命令/删除所有技能.md,删除所有技能,03-功能操作命令,删除所有技能.htm,469
docs/03-功能操作命令/删除指定技能.md,删除指定技能,03-功能操作命令,删除指定技能.htm,470
docs/03-功能操作命令/删除文本指定行.md,删除文本指定行,03-功能操作命令,删除文本指定行.html,126
docs/03-功能操作命令/删除行会成员.md,删除行会成员,03-功能操作命令,删除行会成员.htm,243
docs/03-功能操作命令/删除非本职业的所有技能.md,删除非本职业的所有技能,03-功能操作命令,删除非本职业的所有技能.htm,469
docs/03-功能操作命令/Mongen.txt 增加刷怪触发.md,Mongen.txt 增加刷怪触发,03-功能操作命令,刷怪触发.htm,538
docs/03-功能操作命令/刷新当前装备属性到客户端.md,刷新当前装备属性到客户端,03-功能操作命令,刷新当前装备属性到客户端.html,622
docs/03-功能操作命令/加入会员人物及时间.md,加入会员人物及时间,03-功能操作命令,加入会员人物及时间.htm,270
docs/03-功能操作命令/千里传音[!].md,千里传音[!],03-功能操作命令,千里传音脚本.html,869
docs/03-功能操作命令/发送屏幕中间大字体信息.md,发送屏幕中间大字体信息,03-功能操作命令,发送屏幕中间大字体信息[!].htm,2779
docs/03-功能操作命令/发送屏幕滚动信息.md,发送屏幕滚动信息,03-功能操作命令,发送屏幕滚动信息.html,691
docs/03-功能操作命令/发送文字信息.md,发送文字信息,03-功能操作命令,发送文字信息.htm,594
docs/03-功能操作命令/取下镶嵌宝石命令.md,取下镶嵌宝石命令,03-功能操作命令,取下镶嵌宝石命令.htm,55
docs/03-功能操作命令/取字符串长度[!].md,取字符串长度[!],03-功能操作命令,取字符串长度.html,141
docs/03-功能操作命令/取对面角色人物名.md,取对面角色人物名,03-功能操作命令,取对面角色人物名.html,201
docs/03-功能操作命令/取指定排行榜指定排名的玩家名字和检测人物在指定排行榜中的名次.md,取指定排行榜指定排名的玩家名字和检测人物在指定排行榜中的名次,03-功能操作命令,取指定排行榜指定排名的玩家名字 和检测人物在指定排行榜中的名次.htm,1024
docs/03-功能操作命令/变量传递说明.md,变量传递说明,03-功能操作命令,变量传递说明.html,550
docs/03-功能操作命令/召唤指定怪物为宝宝.md,召唤指定怪物为宝宝,03-功能操作命令,召唤指定怪物为宝宝.htm,501
docs/03-功能操作命令/在地图上播放魔法效果[!].md,在地图上播放魔法效果[!],03-功能操作命令,在地图上播放魔法效果[!].htm,664
docs/03-功能操作命令/在地图上放物品[!].md,在地图上放物品[!],03-功能操作命令,在地图上放物品[!].htm,291
docs/03-功能操作命令/在屏幕上播放魔法效果.md,在屏幕上播放魔法效果,03-功能操作命令,在屏幕上播放魔法效果[!].htm,782
docs/03-功能操作命令/在文件的固定行替换写入内容[!].md,在文件的固定行替换写入内容[!],03-功能操作命令,在文件的固定行替换写入内容.html,195
docs/03-功能操作命令/在文件的指定行插入一行内容[!].md,在文件的指定行插入一行内容[!],03-功能操作命令,在文件的指定行插入一行内容.html,176
docs/03-功能操作命令/在登陆器里浏览网页.md,在登陆器里浏览网页,03-功能操作命令,在登陆器里浏览网页.htm,220
docs/03-功能操作命令/在线修改宝宝名字[!].md,在线修改宝宝名字[!],03-功能操作命令,在线修改宝宝名字.html,294
docs/03-功能操作命令/在线命令弹出菜单功能.md,在线命令弹出菜单功能,03-功能操作命令,在线弹出菜单脚本.htm,146
docs/03-功能操作命令/在线泡经验.md,在线泡经验,03-功能操作命令,在线泡经验.htm,527
docs/03-功能操作命令/增加人物IP在列表中.md,增加人物IP在列表中,03-功能操作命令,增加人物IP在列表中.html,150
docs/03-功能操作命令/增加人物名在列表中.md,增加人物名在列表中,03-功能操作命令,增加人物名在列表中.htm,155
docs/03-功能操作命令/增加人物帐号在列表中.md,增加人物帐号在列表中,03-功能操作命令,增加人物帐号在列表中.html,165
docs/03-功能操作命令/增加会员时间[!].md,增加会员时间[!],03-功能操作命令,增加会员时间[!].htm,401
docs/03-功能操作命令/替换字符命令[!].md,替换字符命令[!],03-功能操作命令,增加替换字符命令.html,185
docs/03-功能操作命令/增加附加伤害效果.md,增加附加伤害效果,03-功能操作命令,增加附加伤害效果.html,1331
docs/03-功能操作命令/复制文件.md,复制文件,03-功能操作命令,复制文件.html,139
docs/03-功能操作命令/复活人物.md,复活人物,03-功能操作命令,复活人物.html,42
docs/03-功能操作命令/复活命令.md,复活命令,03-功能操作命令,复活命令.html,327
docs/03-功能操作命令/字符串分隔命令.md,字符串分隔命令,03-功能操作命令,字符串分隔命令.html,1203
docs/03-功能操作命令/字符检测命令GetStringPosEX.md,字符检测命令GetStringPosEX,03-功能操作命令,字符检测命令.htm,844
docs/03-功能操作命令/宝宝攻击触发.md,宝宝攻击触发,03-功能操作命令,宝宝攻击触发.html,1250
docs/03-功能操作命令/宝宝死亡触发.md,宝宝死亡触发,03-功能操作命令,宝宝死亡触发.html,97
docs/03-功能操作命令/杀死宝宝.md,杀死宝宝,03-功能操作命令,将人物的宝宝全部杀死.htm,233
docs/03-功能操作命令/延时移动.md,延时移动,03-功能操作命令,延时移动.htm,274
docs/03-功能操作命令/开启第四个连击技能的命令[!].md,开启第四个连击技能的命令[!],03-功能操作命令,开启第四个连击技能[!].htm,274
docs/03-功能操作命令/强行捡起他人打怪爆出未到冷却时间的物品[!].md,强行捡起他人打怪爆出未到冷却时间的物品[!],03-功能操作命令,强行捡起他人打怪爆出未到冷却时间的物品.htm,298
docs/03-功能操作命令/循环脚本运行次数设置.md,循环脚本运行次数设置,03-功能操作命令,循环脚本运行次数设置.html,426
docs/03-功能操作命令/战斗力计算.md,战斗力计算,03-功能操作命令,战斗力计算.html,263
docs/03-功能操作命令/所有行会同时攻城.md,所有行会同时攻城,03-功能操作命令,所有行会同时攻城.htm,96
docs/03-功能操作命令/打开NPC大对话框[!].md,打开NPC大对话框[!],03-功能操作命令,打开NPC大对话框[!].htm,188
docs/03-功能操作命令/打开OK对话框.md,打开OK对话框,03-功能操作命令,打开OK对话框.html,338
docs/03-功能操作命令/打开摆摊（个人商店）脚本命令.md,打开摆摊（个人商店）脚本命令,03-功能操作命令,打开摆摊界面脚本命令.html,52
docs/03-功能操作命令/打开自定义NPC对话框.md,打开自定义NPC对话框,03-功能操作命令,打开自定义NPC对话框.htm,182
docs/03-功能操作命令/扩展MessageBox.md,扩展MessageBox,03-功能操作命令,扩展MessageBox.html,111
docs/03-功能操作命令/扩展MOVR使用方法.md,扩展MOVR使用方法,03-功能操作命令,扩展Movr.htm,318
docs/03-功能操作命令/技能转换 技能替换[!].md,技能转换 技能替换[!],03-功能操作命令,技能转换.html,154
docs/03-功能操作命令/把人物加入行会.md,把人物加入行会,03-功能操作命令,把人物加入行会.html,88
docs/03-功能操作命令/把行会加入攻城列表.md,把行会加入攻城列表,03-功能操作命令,把行会加入攻城列表.html,133
docs/03-功能操作命令/挂机命令[!].md,挂机命令[!],03-功能操作命令,挂机命令[!].htm,81
docs/03-功能操作命令/按地图列表移动.md,按地图列表移动,03-功能操作命令,按地图列表移动.htm,318
docs/03-功能操作命令/Npc命令捡物同步内挂物品，同步内挂捡取.md,Npc命令捡物同步内挂物品，同步内挂捡取,03-功能操作命令,捡物同步内挂配置.htmL,852
docs/03-功能操作命令/播放人物效果.md,播放人物效果,03-功能操作命令,播放人物效果.html,746
docs/03-功能操作命令/播放网络MP3.md,播放网络MP3,03-功能操作命令,播放网络MP3.htm,223
docs/03-功能操作命令/播放音乐.md,播放音乐,03-功能操作命令,播放音乐.html,418
docs/03-功能操作命令/收回OK框中的物品.md,收回OK框中的物品,03-功能操作命令,收回OK框中的物品.html,57
docs/03-功能操作命令/收回玩家英雄脚本命令.md,收回玩家英雄脚本命令,03-功能操作命令,收回英雄.htm,65
docs/03-功能操作命令/改变人物状态.md,改变人物状态,03-功能操作命令,改变人物状态.html,466
docs/03-功能操作命令/改变宝宝名字颜色.md,改变宝宝名字颜色,03-功能操作命令,改变宝宝名字颜色.htm,57
docs/03-功能操作命令/新游戏点[!].md,新游戏点[!],03-功能操作命令,新游戏点[!].htm,96
docs/03-功能操作命令/显示倒计时信息提示.md,显示倒计时信息提示,03-功能操作命令,显示倒计时信息提示.html,228
"docs/03-功能操作命令/暂停刷怪,停止刷怪.md","暂停刷怪,停止刷怪",03-功能操作命令,暂停刷怪.html,218
docs/03-功能操作命令/更换性别.md,更换性别,03-功能操作命令,更换性别.htm,246
docs/03-功能操作命令/转换职业.md,转换职业,03-功能操作命令,更换职业.htm,577
docs/03-功能操作命令/更改头发类型.md,更改头发类型,03-功能操作命令,更改头发类型.htm,146
docs/03-功能操作命令/更改人物颜色.md,更改人物颜色,03-功能操作命令,更新名称颜色.htm,228
"docs/03-功能操作命令/替换行会掌门,改变行会的掌门人.md","替换行会掌门,改变行会的掌门人",03-功能操作命令,替换行会掌门.htm,130
docs/03-功能操作命令/角色打怪爆出物品自动拾取，角色打怪爆出物品范围捡起[!].md,角色打怪爆出物品自动拾取，角色打怪爆出物品范围捡起[!],03-功能操作命令,杀怪爆出物品自动范围内捡起.htm,1304
docs/03-功能操作命令/杀死人物.md,杀死人物,03-功能操作命令,杀死人物.htm,336
docs/03-功能操作命令/杀死人物的宝宝.md,杀死人物的宝宝,03-功能操作命令,杀死人物的宝宝.htm,113
docs/03-功能操作命令/检查自己是不是别人的徒弟.md,检查自己是不是别人的徒弟,03-功能操作命令,检查自己是不是别人的徒弟.html,185
docs/03-功能操作命令/检测伴侣是否在线和同一地图.md,检测伴侣是否在线和同一地图,03-功能操作命令,检测夫妻伴侣是否在线.html,433
docs/03-功能操作命令/检测对面是否为自己的徒弟.md,检测对面是否为自己的徒弟,03-功能操作命令,检测对面是否为自己的徒弟.html,225
docs/03-功能操作命令/检查对面的人物是不是自己的师傅.md,检查对面的人物是不是自己的师傅,03-功能操作命令,检测对面的人物是不是自己的师傅..html,190
docs/03-功能操作命令/检测对面的有没有徒弟.md,检测对面的有没有徒弟,03-功能操作命令,检测对面的有没有徒弟.html,189
docs/03-功能操作命令/检测师傅（或徒弟）是否在XXX地图.md,检测师傅（或徒弟）是否在XXX地图,03-功能操作命令,检测师傅（或徒弟）是否在XXX地图.html,209
docs/03-功能操作命令/检测师傅（或徒弟）是否在线.md,检测师傅（或徒弟）是否在线,03-功能操作命令,检测师傅（或徒弟）是否在线上.html,214
docs/03-功能操作命令/检测当前玩家登陆的分辨率.md,检测当前玩家登陆的分辨率,03-功能操作命令,检测当前玩家登陆的分辨率.htm,275
docs/03-功能操作命令/检测文件中是否包含字符串.md,检测文件中是否包含字符串,03-功能操作命令,检测文件中是否包含字符串.htm,453
docs/03-功能操作命令/检测自己是否是师傅.md,检测自己是否是师傅,03-功能操作命令,检测自己是否是师傅.html,170
docs/03-功能操作命令/检测自己是否是徒弟.md,检测自己是否是徒弟,03-功能操作命令,检测自己是否是徒弟.html,174
docs/03-功能操作命令/检测身上指定装备名字 获取looks保存到变量.md,检测身上指定装备名字 获取looks保存到变量,03-功能操作命令,检测身上指定装备名字 获取looks保存到变量.html,171
docs/03-功能操作命令/永久增加人物属性点(按属性分配点分配).md,永久增加人物属性点(按属性分配点分配),03-功能操作命令,永久增加人物属性点.htm,838
docs/03-功能操作命令/添加行会成员.md,添加行会成员,03-功能操作命令,添加行会成员.htm,234
docs/03-功能操作命令/清掉地图某范围的怪物[!].md,清掉地图某范围的怪物[!],03-功能操作命令,清掉地图某范围的怪物命令.html,202
docs/03-功能操作命令/清空变量[!].md,清空变量[!],03-功能操作命令,清空变量.html,96
docs/03-功能操作命令/清空P变量.md,清空P变量,03-功能操作命令,清空角色P变量.html,110
docs/03-功能操作命令/清除SendCenterMsg DelayGoto.md,清除SendCenterMsg DelayGoto,03-功能操作命令,清除SendCenterMsg DelayGoto.html,129
docs/03-功能操作命令/清除人物的仓库密码.md,清除人物的仓库密码,03-功能操作命令,清除人物的仓库密码.htm,224
docs/03-功能操作命令/清除人物转生.md,清除人物转生,03-功能操作命令,清除人物转生数据.htm,188
docs/03-功能操作命令/清除列表内容.md,清除列表内容,03-功能操作命令,清除列表内容.htm,296
docs/03-功能操作命令/清除地图物品.md,清除地图物品,03-功能操作命令,清除地图物品.htm,444
docs/03-功能操作命令/清除延时移动.md,清除延时移动,03-功能操作命令,清除延时移动.htm,177
docs/03-功能操作命令/清除地图中的怪物.md,清除地图中的怪物,03-功能操作命令,清除指定地图里的怪物.htm,207
docs/03-功能操作命令/清除结婚信息.md,清除结婚信息,03-功能操作命令,清除结婚信息.htm,117
docs/03-功能操作命令/清除英雄转生.md,清除英雄转生,03-功能操作命令,清除英雄转生数据.htm,190
docs/03-功能操作命令/物品标记，装备标记，物品标识，装备标识、.md,物品标记，装备标记，物品标识，装备标识、,03-功能操作命令,物品标记.htm,732
docs/03-功能操作命令/特修装备.md,特修装备,03-功能操作命令,特修装备[!].htm,505
docs/03-功能操作命令/百分比计算命令[!].md,百分比计算命令[!],03-功能操作命令,百分比计算命令.html,123
docs/03-功能操作命令/禁止登录列表.md,禁止登录列表,03-功能操作命令,禁止登录列表.htm,922
docs/03-功能操作命令/秒杀保护.md,秒杀保护,03-功能操作命令,秒杀保护.htm,508
docs/03-功能操作命令/称号系统.md,称号系统,03-功能操作命令,称号系统.htm,331
docs/03-功能操作命令/移动到回城点.md,移动到回城点,03-功能操作命令,移动到回城点.htm,89
docs/03-功能操作命令/练习技能.md,练习技能,03-功能操作命令,练习技能.htm,465
docs/03-功能操作命令/绑定给予的装备进行命令操作.md,绑定给予的装备进行命令操作,03-功能操作命令,绑定给予的装备进行命令操作.html,724
docs/03-功能操作命令/增加隐藏元素属性.md,增加隐藏元素属性,03-功能操作命令,给人物增加隐藏元素属性.html,718
docs/03-功能操作命令/给人物指定爆率文件命令.md,给人物指定爆率文件命令,03-功能操作命令,给人物指定爆率文件命令.html,215
docs/03-功能操作命令/播放地图魔法特效（仅自己可见）.md,播放地图魔法特效（仅自己可见）,03-功能操作命令,给自己播放地图魔法特效.html,524
docs/03-功能操作命令/编组地图传送.md,编组地图传送,03-功能操作命令,编组地图传送[!].htm,337
docs/03-功能操作命令/编组地图随机传送.md,编组地图随机传送,03-功能操作命令,编组地图随机传送[!].htm,310
docs/03-功能操作命令/脚本刷怪.md,脚本刷怪,03-功能操作命令,脚本刷怪.htm,667
docs/03-功能操作命令/脚本命令释放技能(无动作施展).md,脚本命令释放技能(无动作施展),03-功能操作命令,脚本命令施展技能(无动作).htm,697
docs/03-功能操作命令/脚本命令释放技能.md,脚本命令释放技能,03-功能操作命令,脚本命令施展技能.htm,552
docs/03-功能操作命令/脚本命令给物品镶嵌宝石.md,脚本命令给物品镶嵌宝石,03-功能操作命令,脚本命令给物品镶嵌宝石.htm,438
docs/03-功能操作命令/自动穿取装备.md,自动穿取装备,03-功能操作命令,自动穿取装备.htm,918
docs/03-功能操作命令/自动穿装备和取装备.md,自动穿装备和取装备,03-功能操作命令,自动穿装备和取装备[!].htm,275
docs/03-功能操作命令/自动行走.md,自动行走,03-功能操作命令,自动行走.html,107
docs/03-功能操作命令/自定义OK框[!].md,自定义OK框[!],03-功能操作命令,自定义OK框.htm,2906
"docs/03-功能操作命令/自定义UI中自定义按钮使用,预留按钮.md","自定义UI中自定义按钮使用,预留按钮",03-功能操作命令,自定义UI中自定义按钮使用.html,851
docs/03-功能操作命令/自定义变量功能.md,自定义变量功能,03-功能操作命令,自定义变量功能.htm,1767
docs/03-功能操作命令/自定义变量按变量值大小排序[!].md,自定义变量按变量值大小排序[!],03-功能操作命令,自定义变量按变量值大小排序.htm,332
docs/03-功能操作命令/致命一击触发，暴击触发.md,致命一击触发，暴击触发,03-功能操作命令,致命一击触发.htm,477
docs/03-功能操作命令/英雄宝宝攻击触发.md,英雄宝宝攻击触发,03-功能操作命令,英雄宝宝攻击触发.html,590
docs/03-功能操作命令/英雄相关命令支持与示范，英雄捡起触发.md,英雄相关命令支持与示范，英雄捡起触发,03-功能操作命令,英雄相关操作命令增加与捡起触发示范.html,788
docs/03-功能操作命令/获取人物全身星星数量[!].md,获取人物全身星星数量[!],03-功能操作命令,获取人物全身星星数量.html,287
docs/03-功能操作命令/获取地图中某怪物的坐标[!].md,获取地图中某怪物的坐标[!],03-功能操作命令,获取地图中某怪物的坐标.html,188
docs/03-功能操作命令/获取对面人物的名字.md,获取对面人物的名字,03-功能操作命令,获取对面人物的名字.htm,111
docs/03-功能操作命令/获取怪物原始各项参数.md,获取怪物原始各项参数,03-功能操作命令,获取怪物原始各项参数.html,114
docs/03-功能操作命令/获取技能信息命令.md,获取技能信息命令,03-功能操作命令,获取技能信息命令.html,320
docs/03-功能操作命令/获取技能快捷键、设置技能快捷键.md,获取技能快捷键、设置技能快捷键,03-功能操作命令,获取技能快捷键.html,377
docs/03-功能操作命令/获取文本字符.md,获取文本字符,03-功能操作命令,获取文本字符.htm,31
docs/03-功能操作命令/获取某地图人物数量 [!].md,获取某地图人物数量 [!],03-功能操作命令,获取某地图人物数量 .html,205
docs/03-功能操作命令/获取某地图怪物数量 [!].md,获取某地图怪物数量 [!],03-功能操作命令,获取某地图怪物数量 .html,200
docs/03-功能操作命令/获取物品原始各项数据库字段值参数.md,获取物品原始各项数据库字段值参数,03-功能操作命令,获取物品原始各项参数.html,3268
docs/03-功能操作命令/获取背包中某物品的数量[!].md,获取背包中某物品的数量[!],03-功能操作命令,获取背包中某物品的数量.html,169
docs/03-功能操作命令/将人物行会名加入列表.md,将人物行会名加入列表,03-功能操作命令,行会名加入列表.htm,153
docs/03-功能操作命令/行会地图传送.md,行会地图传送,03-功能操作命令,行会地图传送.htm,109
docs/03-功能操作命令/行会地图随机传送.md,行会地图随机传送,03-功能操作命令,行会地图随机传送.htm,87
docs/03-功能操作命令/行会建设相关.md,行会建设相关,03-功能操作命令,行会建设相关.htm,536
docs/03-功能操作命令/装备属性升级.md,装备属性升级,03-功能操作命令,装备升级功能.htm,1905
docs/03-功能操作命令/装备名称自定义系统.md,装备名称自定义系统,03-功能操作命令,装备名称自定义系统.htm,1500
docs/03-功能操作命令/装备投保功能.md,装备投保功能,03-功能操作命令,装备投保功能.htm,635
docs/03-功能操作命令/角色变身怪物、人物变身.md,角色变身怪物、人物变身,03-功能操作命令,角色变身怪物.html,192
docs/03-功能操作命令/解除英雄强制和平模式限制.md,解除英雄强制和平模式限制,03-功能操作命令,解除英雄强制和平模式限制.htm,286
docs/03-功能操作命令/设置人物当前权限.md,设置人物当前权限,03-功能操作命令,设置人物当前权限.htm,193
docs/03-功能操作命令/设置人物当前模式.md,设置人物当前模式,03-功能操作命令,设置人物当前模式.htm,258
docs/03-功能操作命令/修改宝宝属性.md,修改宝宝属性,03-功能操作命令,设置修改宝宝属性.htm,1275
docs/03-功能操作命令/设置技能伤害防御[!].md,设置技能伤害防御[!],03-功能操作命令,设置技能伤害和防御.html,587
docs/03-功能操作命令/设置攻击力倍数[!].md,设置攻击力倍数[!],03-功能操作命令,设置攻击力倍数[!].htm,880
docs/03-功能操作命令/设置杀怪经验倍数.md,设置杀怪经验倍数,03-功能操作命令,设置杀怪经验倍数.htm,585
docs/03-功能操作命令/设置离线挂机.md,设置离线挂机,03-功能操作命令,设置离线挂机.htm,226
docs/03-功能操作命令/设置被怪物攻击时伤害吸收.md,设置被怪物攻击时伤害吸收,03-功能操作命令,设置被怪物攻击时伤害吸收.htm,287
docs/03-功能操作命令/设置装备发光特效.md,设置装备发光特效,03-功能操作命令,设置装备发光特效.html,568
docs/03-功能操作命令/调整暴击威力.md,调整暴击威力,03-功能操作命令,设置调整暴击威力命令.html,104
"docs/03-功能操作命令/读写配置项,读写ini配置项.md","读写配置项,读写ini配置项",03-功能操作命令,读写配置项.html,1396
docs/03-功能操作命令/脚本调整人物PK点.md,脚本调整人物PK点,03-功能操作命令,调整人物PK点数.htm,660
docs/03-功能操作命令/调整人物会员等级.md,调整人物会员等级,03-功能操作命令,调整人物会员等级.htm,611
docs/03-功能操作命令/调整人物会员类型.md,调整人物会员类型,03-功能操作命令,调整人物会员类型.htm,604
docs/03-功能操作命令/调整声望点.md,调整声望点,03-功能操作命令,调整人物声望点.htm,589
docs/03-功能操作命令/调整人物属性.md,调整人物属性,03-功能操作命令,调整人物属性.html,583
docs/03-功能操作命令/调整属性点.md,调整属性点,03-功能操作命令,调整人物属性点.htm,514
docs/03-功能操作命令/永久调整人物属性值.md,永久调整人物属性值,03-功能操作命令,调整人物永久属性.html,538
docs/03-功能操作命令/调整人物游戏点数.md,调整人物游戏点数,03-功能操作命令,调整人物游戏点.htm,574
docs/03-功能操作命令/调整人物的荣誉值[!].md,调整人物的荣誉值[!],03-功能操作命令,调整人物的荣誉值[!].htm,134
docs/03-功能操作命令/脚本控制人物等级.md,脚本控制人物等级,03-功能操作命令,调整人物等级.htm,578
docs/03-功能操作命令/脚本调整升级经验.md,脚本调整升级经验,03-功能操作命令,调整人物经验.htm,884
docs/03-功能操作命令/调整人物金币数量.md,调整人物金币数量,03-功能操作命令,调整人物金币数量.htm,126
docs/03-功能操作命令/调整修改下次攻击伤害比例.md,调整修改下次攻击伤害比例,03-功能操作命令,调整修改下次攻击伤害比例.html,312
docs/03-功能操作命令/调整宝宝等级.md,调整宝宝等级,03-功能操作命令,调整宝宝等级.htm,322
docs/03-功能操作命令/调整合击怒气值.md,调整合击怒气值,03-功能操作命令,调整怒气值.htm,298
docs/03-功能操作命令/调整技能点数.md,调整技能点数,03-功能操作命令,调整技能点数.htm,757
docs/03-功能操作命令/调整技能等级(扩展).md,调整技能等级(扩展),03-功能操作命令,调整技能等级.htm,1208
docs/03-功能操作命令/调整暴击威力倍数命令.md,调整暴击威力倍数命令,03-功能操作命令,调整暴击威力倍数命令.htm,133
docs/03-功能操作命令/游戏币(元宝)控制.md,游戏币(元宝)控制,03-功能操作命令,调整游戏币.htm,1527
docs/03-功能操作命令/调整游戏速度.md,调整游戏速度,03-功能操作命令,调整游戏速度.html,465
docs/03-功能操作命令/调整物品名字颜色.md,调整物品名字颜色,03-功能操作命令,调整物品名字颜色.htm,199
docs/03-功能操作命令/调整物品新增属性.md,调整物品新增属性,03-功能操作命令,调整物品新增属性.html,1759
docs/03-功能操作命令/调整物品新增属性_1.md,调整物品新增属性,03-功能操作命令,调整物品新增属性扩展.html,1038
docs/03-功能操作命令/调整背包负重.md,调整背包负重,03-功能操作命令,调整背包负重.html,121
docs/03-功能操作命令/调整英雄职业[!].md,调整英雄职业[!],03-功能操作命令,调整英雄职业[!].htm,123
docs/03-功能操作命令/调整行会人数上限[!].md,调整行会人数上限[!],03-功能操作命令,调整行会人数上限[!].htm,265
docs/03-功能操作命令/调整行会可以容纳最多成员.md,调整行会可以容纳最多成员,03-功能操作命令,调整行会可以容纳最多成员.html,160
docs/03-功能操作命令/调整装备升级次数[!].md,调整装备升级次数[!],03-功能操作命令,调整装备升级次数[!].htm,283
docs/03-功能操作命令/调整金刚石数量.md,调整金刚石数量,03-功能操作命令,调整金刚石数量.htm,467
docs/03-功能操作命令/调用安全区特效命令.md,调用安全区特效命令,03-功能操作命令,调用安全区特效命令.html,145
docs/03-功能操作命令/验证码功能说明.md,验证码功能说明,03-功能操作命令,调用验证码系统.htm,179
docs/03-功能操作命令/踢人物下线.md,踢人物下线,03-功能操作命令,踢人物下线.htm,346
docs/03-功能操作命令/踢除服务器所有人物.md,踢除服务器所有人物,03-功能操作命令,踢除所有在线人物.htm,213
docs/03-功能操作命令/踢除服务器挂机人物.md,踢除服务器挂机人物,03-功能操作命令,踢除所有挂机人物.htm,219
docs/03-功能操作命令/过滤全服提示信息.md,过滤全服提示信息,03-功能操作命令,过滤全服提示信息.html,877
docs/03-功能操作命令/返回OK框中的物品.md,返回OK框中的物品,03-功能操作命令,返回OK框中的物品.html,73
docs/03-功能操作命令/通过脚本建立一个NPC 动态创建NPC.md,通过脚本建立一个NPC 动态创建NPC,03-功能操作命令,通过脚本建立一个NPC.htm,454
docs/03-功能操作命令/重新分配人物附加属性点.md,重新分配人物附加属性点,03-功能操作命令,重新分配人物附加属性点.htm,180
docs/03-功能操作命令/取得随机字符串(2020新).md,取得随机字符串(2020新),03-功能操作命令,随机字符串.htm,490
docs/03-功能操作命令/高等级杀怪经验不变.md,高等级杀怪经验不变,03-功能操作命令,高等级杀怪经验不变.html,97
docs/04-脚本检测命令/or检测命令.md,or检测命令,04-脚本检测命令,or检测命令.html,114
docs/04-脚本检测命令/检查登录帐号与IP是否匹配.md,检查登录帐号与IP是否匹配,04-脚本检测命令,可以检查登录帐号与IP是否匹配.htm,522
docs/04-脚本检测命令/检测坐标范围.md,检测坐标范围,04-脚本检测命令,坐标范围检测.html,212
docs/04-脚本检测命令/扩展check支持批量检测.md,扩展check支持批量检测,04-脚本检测命令,扩展check支持批量检测.htm,147
docs/04-脚本检测命令/检查一个地图内人数.md,检查一个地图内人数,04-脚本检测命令,检查一个地图内的人物数量.htm,263
docs/04-脚本检测命令/检查地图怪物数量.md,检查地图怪物数量,04-脚本检测命令,检查一个地图内的怪物数量.htm,270
docs/04-脚本检测命令/检查一个范围内怪物数.md,检查一个范围内怪物数,04-脚本检测命令,检查一个坐标范围内怪物数量.htm,307
docs/04-脚本检测命令/检查人物HP值.md,检查人物HP值,04-脚本检测命令,检查人物HP值.htm,184
docs/04-脚本检测命令/检查人物MP值.md,检查人物MP值,04-脚本检测命令,检查人物MP值.htm,192
docs/04-脚本检测命令/检查人物名称是否与IP匹配.md,检查人物名称是否与IP匹配,04-脚本检测命令,检查人物名称与IP是否匹配.htm,499
docs/04-脚本检测命令/检查人物在列表中的位置.md,检查人物在列表中的位置,04-脚本检测命令,检查人物在列表中的位置.htm,338
docs/04-脚本检测命令/检查人物声望点.md,检查人物声望点,04-脚本检测命令,检查人物声望点.htm,696
docs/04-脚本检测命令/检查人物技能(扩展).md,检查人物技能(扩展),04-脚本检测命令,检查人物技能.htm,895
docs/04-脚本检测命令/检查人物攻击力.md,检查人物攻击力,04-脚本检测命令,检查人物攻击力.htm,187
docs/04-脚本检测命令/检查人物是否为管理员.md,检查人物是否为管理员,04-脚本检测命令,检查人物是否为管理员.htm,206
docs/04-脚本检测命令/检查人物是否付费.md,检查人物是否付费,04-脚本检测命令,检查人物是否付费.htm,36
docs/04-脚本检测命令/检查人物是否在攻城区域[!].md,检查人物是否在攻城区域[!],04-脚本检测命令,检查人物是否在攻城区域[!].htm,72
docs/04-脚本检测命令/检查人物登录IP.md,检查人物登录IP,04-脚本检测命令,检查人物登录IP.htm,243
docs/04-脚本检测命令/检查人物登录帐号.md,检查人物登录帐号,04-脚本检测命令,检查人物登录帐号.htm,260
docs/04-脚本检测命令/检查人物的会员等级.md,检查人物的会员等级,04-脚本检测命令,检查人物的会员等级.htm,714
docs/04-脚本检测命令/检查人物的会员类型.md,检查人物的会员类型,04-脚本检测命令,检查人物的会员类型.htm,675
docs/04-脚本检测命令/检查人物的游戏点数.md,检查人物的游戏点数,04-脚本检测命令,检查人物的游戏点数.htm,478
docs/04-脚本检测命令/检查人物的转生等级.md,检查人物的转生等级,04-脚本检测命令,检查人物的转生等级.htm,714
docs/04-脚本检测命令/检查人物背包空格数.md,检查人物背包空格数,04-脚本检测命令,检查人物背包空格数.htm,178
docs/04-脚本检测命令/检查人物身上装备类型.md,检查人物身上装备类型,04-脚本检测命令,检查人物身上戴物品类型.htm,525
docs/04-脚本检测命令/检查人物身上指定位置是否戴物品.md,检查人物身上指定位置是否戴物品,04-脚本检测命令,检查人物身上指定位置是否戴物品.htm,574
docs/04-脚本检测命令/检查人物道术.md,检查人物道术,04-脚本检测命令,检查人物道术.htm,171
docs/04-脚本检测命令/检查人物附加属性点数.md,检查人物附加属性点数,04-脚本检测命令,检查人物附加属性点数.htm,169
docs/04-脚本检测命令/检查人物魔法力.md,检查人物魔法力,04-脚本检测命令,检查人物魔法力.htm,190
docs/04-脚本检测命令/检查会员时间.md,检查会员时间,04-脚本检测命令,检查会员时间.htm,281
docs/04-脚本检测命令/检查地图怪物数量_1.md,检查地图怪物数量,04-脚本检测命令,检查地图内的怪物数量 .htm,546
docs/04-脚本检测命令/检查城堡战争天数.md,检查城堡战争天数,04-脚本检测命令,检查城堡战争天数.htm,244
docs/04-脚本检测命令/字符串比较处理.md,字符串比较处理,04-脚本检测命令,检查字符串是否包涵在另外一个字符串中.htm,541
docs/04-脚本检测命令/检查字符串是否在指定文件中[!].md,检查字符串是否在指定文件中[!],04-脚本检测命令,检查字符串是否在指定文件中[!].htm,2608
docs/04-脚本检测命令/检查宝宝数量.md,检查宝宝数量,04-脚本检测命令,检查宝宝的数量.htm,1054
docs/04-脚本检测命令/检查宝宝最高等级.md,检查宝宝最高等级,04-脚本检测命令,检查宝宝的等级.htm,651
docs/04-脚本检测命令/检查对面人物的性别.md,检查对面人物的性别,04-脚本检测命令,检查对面人物的性别.htm,432
docs/04-脚本检测命令/检查对面人物的等级.md,检查对面人物的等级,04-脚本检测命令,检查对面人物的等级.htm,719
docs/04-脚本检测命令/检查对面人物站的位置.md,检查对面人物站的位置,04-脚本检测命令,检查对面人物站的位置性别.htm,679
docs/04-脚本检测命令/检查人物的游戏点数_1.md,检查人物的游戏点数,04-脚本检测命令,检查当前人物身上有多少点数.htm,478
docs/04-脚本检测命令/检查当前所在地图的名字.md,检查当前所在地图的名字,04-脚本检测命令,检查当前所在地图的名字.htm,237
docs/04-脚本检测命令/检查是否为组长.md,检查是否为组长,04-脚本检测命令,检查是否为组长.htm,210
docs/04-脚本检测命令/检查是否在某地图.md,检查是否在某地图,04-脚本检测命令,检查是否在某地图.htm,25
docs/04-脚本检测命令/检查城门状态.md,检查城门状态,04-脚本检测命令,检查沙城门状态.htm,245
docs/04-脚本检测命令/检查城堡占领天数.md,检查城堡占领天数,04-脚本检测命令,检查沙巴克占领天数.htm,153
docs/04-脚本检测命令/检查人物当前经验值.md,检查人物当前经验值,04-脚本检测命令,检查玩家当前经验值.htm,669
docs/04-脚本检测命令/检查人物是否为新人.md,检查人物是否为新人,04-脚本检测命令,检查玩家是否为新人.htm,200
docs/04-脚本检测命令/检查人物是否为沙城成员.md,检查人物是否为沙城成员,04-脚本检测命令,检查玩家是否为沙城成员.htm,185
docs/04-脚本检测命令/检查人物是否为沙城城主.md,检查人物是否为沙城城主,04-脚本检测命令,检查玩家是否为沙城老大.htm,186
docs/04-脚本检测命令/检查人物是否为行会掌门人.md,检查人物是否为行会掌门人,04-脚本检测命令,检查玩家是否为行会老大.htm,185
docs/04-脚本检测命令/检查人物是否加入行会.md,检查人物是否加入行会,04-脚本检测命令,检查玩家是否加入行会.htm,181
docs/04-脚本检测命令/检查人物等级（改进）.md,检查人物等级（改进）,04-脚本检测命令,检查玩家等级.htm,666
docs/04-脚本检测命令/检查行会名称.md,检查行会名称,04-脚本检测命令,检查行会名称.htm,140
docs/04-脚本检测命令/检查行会是否在列表中.md,检查行会是否在列表中,04-脚本检测命令,检查行会是否在列表中.htm,189
docs/04-脚本检测命令/检测人物PK值.md,检测人物PK值,04-脚本检测命令,检测人物PK值.htm,235
docs/04-脚本检测命令/检测人物在线时长[!].md,检测人物在线时长[!],04-脚本检测命令,检测人物在线时长[!].htm,218
docs/04-脚本检测命令/检测人物宝宝名字[!].md,检测人物宝宝名字[!],04-脚本检测命令,检测人物宝宝名字[!].htm,246
docs/04-脚本检测命令/检测人物幸运值.md,检测人物幸运值,04-脚本检测命令,检测人物幸运值.htm,230
docs/04-脚本检测命令/检测人物新增属性.md,检测人物新增属性,04-脚本检测命令,检测人物新增属性.html,1558
docs/04-脚本检测命令/检测人物是否佩带指定物品.md,检测人物是否佩带指定物品,04-脚本检测命令,检测人物是否佩带指定物品.htm,513
docs/04-脚本检测命令/检测人物是否挂机.md,检测人物是否挂机,04-脚本检测命令,检测人物是否挂机.htm,31
docs/04-脚本检测命令/检测人物荣誉.md,检测人物荣誉,04-脚本检测命令,检测人物荣誉.html,96
docs/04-脚本检测命令/检测会员剩余时间.md,检测会员剩余时间,04-脚本检测命令,检测会员剩余时间.html,623
docs/04-脚本检测命令/检测在安全区.md,检测在安全区,04-脚本检测命令,检测在安全区.htm,19
docs/04-脚本检测命令/检测地图坐标是否可以到达.md,检测地图坐标是否可以到达,04-脚本检测命令,检测地图坐标是否可以到达.html,256
docs/04-脚本检测命令/检测地图相同怪物数.md,检测地图相同怪物数,04-脚本检测命令,检测地图相同怪物数.html,320
docs/04-脚本检测命令/检测地图范围怪物数量.md,检测地图范围怪物数量,04-脚本检测命令,检测地图范围怪物数量.html,286
docs/04-脚本检测命令/检测当前目标类型.md,检测当前目标类型,04-脚本检测命令,检测当前目标类型.html,332
docs/04-脚本检测命令/检测技能修炼点数.md,检测技能修炼点数,04-脚本检测命令,检测技能修炼点.htm,453
docs/04-脚本检测命令/检测指定范围内的人物数量.md,检测指定范围内的人物数量,04-脚本检测命令,检测指定范围内的人物数量.htm,56
docs/04-脚本检测命令/检测是不是在摆摊.md,检测是不是在摆摊,04-脚本检测命令,检测是不是在摆摊.html,108
docs/04-脚本检测命令/检测骑马状态.md,检测骑马状态,04-脚本检测命令,检测是否在骑马状态.htm,76
docs/04-脚本检测命令/检测是否正在攻城.md,检测是否正在攻城,04-脚本检测命令,检测是否正在攻城.html,90
docs/04-脚本检测命令/检测是否进入攻城的范围.md,检测是否进入攻城的范围,04-脚本检测命令,检测是否进入攻城的范围.html,102
docs/04-脚本检测命令/检测杀人者是人物还是怪物.md,检测杀人者是人物还是怪物,04-脚本检测命令,检测杀人者是人物还是怪物.htm,833
docs/04-脚本检测命令/检测物品的附加属性值.md,检测物品的附加属性值,04-脚本检测命令,检测物品的附加属性值[!].htm,1078
docs/04-脚本检测命令/检测玩家是否在线.md,检测玩家是否在线,04-脚本检测命令,检测玩家是否在线.htm,203
docs/04-脚本检测命令/检测组队人数[!].md,检测组队人数[!],04-脚本检测命令,检测组队人数[!].htm,225
docs/04-脚本检测命令/检测背包是否有指定物品[!].md,检测背包是否有指定物品[!],04-脚本检测命令,检测背包是否有指定物品.htm,374
docs/04-脚本检测命令/检测行会可以容纳多少成员.md,检测行会可以容纳多少成员,04-脚本检测命令,检测行会可以容纳多少成员.html,161
docs/04-脚本检测命令/检测被自己杀死宝宝的名字.md,检测被自己杀死宝宝的名字,04-脚本检测命令,检测被自己杀死宝宝的名字[!].htm,104
docs/04-脚本检测命令/检测装备名字颜色.md,检测装备名字颜色,04-脚本检测命令,检测装备名字颜色.htm,179
docs/04-脚本检测命令/检测装备星星数量.md,检测装备星星数量,04-脚本检测命令,检测装备星星数量.htm,672
docs/04-脚本检测命令/检查金刚石数量.md,检查金刚石数量,04-脚本检测命令,检测金刚石数量.htm,885
docs/04-脚本检测命令/脚本检测命令取反NOT[!].md,脚本检测命令取反NOT[!],04-脚本检测命令,脚本检测命令取反NOT[!].htm,441
docs/04-脚本检测命令/行会成员人数.md,行会成员人数,04-脚本检测命令,行会成员人数.htm,116
docs/05-特殊触发功能/GOTOLABEL触发[!].md,GOTOLABEL触发[!],05-特殊触发功能,GOTOLABEL触发[!].htm,929
docs/05-特殊触发功能/个人商店名称过滤触发.md,个人商店名称过滤触发,05-特殊触发功能,个人商店名字过滤触发.htm,104
docs/05-特殊触发功能/个人商店和人物摆摊.md,个人商店和人物摆摊,05-特殊触发功能,个人商店和人物摆摊[!].htm,1429
docs/05-特殊触发功能/人物升级触发.md,人物升级触发,05-特殊触发功能,人物升级触发.htm,147
docs/05-特殊触发功能/人物和英雄属性发生变更时触发QF脚本[!].md,人物和英雄属性发生变更时触发QF脚本[!],05-特殊触发功能,人物和英雄属性发生变更时触发QF脚本.html,249
docs/05-特殊触发功能/人物大退触发.md,人物大退触发,05-特殊触发功能,人物大退触发.htm,21
docs/05-特殊触发功能/人物小退触发.md,人物小退触发,05-特殊触发功能,人物小退触发.htm,26
docs/05-特殊触发功能/人物当前获得经验触发.md,人物当前获得经验触发,05-特殊触发功能,人物当前获得经验触发.htm,152
docs/05-特殊触发功能/人物死亡.md,人物死亡,05-特殊触发功能,人物死亡.htm,648
docs/05-特殊触发功能/人物死亡时触发.md,人物死亡时触发,05-特殊触发功能,人物死亡时触发.htm,565
docs/05-特殊触发功能/传送戒指传送触发、坐标传送触发[!].md,传送戒指传送触发、坐标传送触发[!],05-特殊触发功能,传送戒指、坐标传送触发.htm,151
docs/05-特殊触发功能/切换地图触发[!].md,切换地图触发[!],05-特殊触发功能,切换地图触发.HTM,143
"docs/05-特殊触发功能/加入行会成员前触发,中止行会成员添加.md","加入行会成员前触发,中止行会成员添加",05-特殊触发功能,"加入行会成员前触发,中止行会成员添加.html",309
docs/05-特殊触发功能/取下身上物品时触发[!].md,取下身上物品时触发[!],05-特殊触发功能,取下身上物品时触发.htm,448
docs/05-特殊触发功能/地图事件触发.md,地图事件触发,05-特殊触发功能,地图事件触发.html,1520
docs/05-特殊触发功能/;地图魔法触发功能需要手动编辑Envir_UserData_MapMagicEvent.txt.md,;地图魔法触发功能需要手动编辑Envir\UserData\MapMagicEvent.txt,05-特殊触发功能,地图魔法系统.htm,440
docs/05-特殊触发功能/外挂触发[!].md,外挂触发[!],05-特殊触发功能,外挂触发[!].htm,107
docs/05-特殊触发功能/套装触发.md,套装触发,05-特殊触发功能,套装触发.htm,984
docs/05-特殊触发功能/定时触发[!].md,定时触发[!],05-特殊触发功能,定时触发[!].htm,26
docs/05-特殊触发功能/带上物品时触发[!].md,带上物品时触发[!],05-特殊触发功能,带上物品时触发[!].htm,125
docs/05-特殊触发功能/指定人物触发字段.md,指定人物触发字段,05-特殊触发功能,指定人物触发字段.htm,26
docs/05-特殊触发功能/指定人物触发字段[!].md,指定人物触发字段[!],05-特殊触发功能,指定人物触发字段[!].htm,26
docs/05-特殊触发功能/攻击触发.md,攻击触发,05-特殊触发功能,攻击触发.html,2091
docs/05-特殊触发功能/物品捡取和丢弃触发.md,物品捡取和丢弃触发,05-特殊触发功能,新物品捡取.htm,765
docs/05-特殊触发功能/杀死人物宝宝时触发[!].md,杀死人物宝宝时触发[!],05-特殊触发功能,杀死人物宝宝时触发[!].htm,93
docs/05-特殊触发功能/杀死人物触发.md,杀死人物触发,05-特殊触发功能,杀死人物触发.htm,56
"docs/05-特殊触发功能/杀死怪物时触发,杀怪触发.md","杀死怪物时触发,杀怪触发",05-特殊触发功能,杀死怪物触发[!].htm,349
docs/05-特殊触发功能/查看他人装备触发、查看装备触发[!].md,查看他人装备触发、查看装备触发[!],05-特殊触发功能,查看他人装备触发.htm,404
docs/05-特殊触发功能/沙巴克行会触发[!].md,沙巴克行会触发[!],05-特殊触发功能,沙巴克行会触发.htm,59
docs/05-特殊触发功能/物品捡取和丢弃触发_1.md,物品捡取和丢弃触发,05-特殊触发功能,物品捡取.htm,617
docs/05-特殊触发功能/物品掉落触发.md,物品掉落触发,05-特殊触发功能,物品掉落触发.html,548
docs/05-特殊触发功能/物品触发脚本功能.md,物品触发脚本功能,05-特殊触发功能,物品触发功能脚本.htm,294
docs/05-特殊触发功能/界面帮助按钮触发.md,界面帮助按钮触发,05-特殊触发功能,界面帮助按钮触发[!].htm,71
docs/05-特殊触发功能/组队时触发.md,组队时触发,05-特殊触发功能,组队时触发[!].htm,716
docs/05-特殊触发功能/英雄上线触发.md,英雄上线触发,05-特殊触发功能,英雄上线触发.htm,1509
docs/05-特殊触发功能/英雄升级触发.md,英雄升级触发,05-特殊触发功能,英雄升级触发.htm,104
docs/05-特殊触发功能/英雄学习技能触发.md,英雄学习技能触发,05-特殊触发功能,英雄学习技能触发.html,76
docs/05-特殊触发功能/英雄当前获得经验触发.md,英雄当前获得经验触发,05-特殊触发功能,英雄当前获得经验触发.htm,106
docs/05-特殊触发功能/英雄死亡.md,英雄死亡,05-特殊触发功能,英雄死亡触发.htm,461
docs/05-特殊触发功能/装备升级触发[!].md,装备升级触发[!],05-特殊触发功能,装备升级触发[!].htm,95
docs/05-特殊触发功能/装备持久消失时触发.md,装备持久消失时触发,05-特殊触发功能,装备持久消失时触发[!].htm,82
docs/05-特殊触发功能/购买个人商店物品触发.md,购买个人商店物品触发,05-特殊触发功能,购买个人商店物品触发.html,471
docs/05-特殊触发功能/走路触发和跑步触发.md,走路触发和跑步触发,05-特殊触发功能,走路或跑步触发.htm,153
docs/05-特殊触发功能/连击完成触发，连击释放触发.md,连击完成触发，连击释放触发,05-特殊触发功能,连击完成触发.htm,83
docs/05-特殊触发功能/退出行会触发[!].md,退出行会触发[!],05-特殊触发功能,退出行会触发.htm,185
docs/05-特殊触发功能/限时装备到期(到时间)触发.md,限时装备到期(到时间)触发,05-特殊触发功能,限时装备到期(到时间)触发.html,166
docs/06-游戏功能详解/47类右键准星物品说明.md,47类右键准星物品说明,06-游戏功能详解,47类物品说明.html,1488
docs/06-游戏功能详解/Npc对话框动态进度条功能[!].md,Npc对话框动态进度条功能[!],06-游戏功能详解,Npc对话框动态进度条功能.htm,491
docs/06-游戏功能详解/NPC对话框提示文字命令，NPC界面上向上滚动提示信息.md,NPC对话框提示文字命令，NPC界面上向上滚动提示信息,06-游戏功能详解,NPC对话框提示文字命令.htm,169
docs/06-游戏功能详解/NPC彩色字体设置[!].md,NPC彩色字体设置[!],06-游戏功能详解,NPC彩色字体[!].htm,346
docs/06-游戏功能详解/NPC自动变色[!].md,NPC自动变色[!],06-游戏功能详解,NPC自动变色[!].htm,190
"docs/06-游戏功能详解/改变用户模式 改变人物模式 石化或冰冻 中毒效果 蛛网效果,人物状态，禁锢，吸血,ChangeState.md","改变用户模式 改变人物模式 石化或冰冻 中毒效果 蛛网效果,人物状态，禁锢，吸血,ChangeState",06-游戏功能详解,NPC蜘蛛网.htm,2062
"docs/06-游戏功能详解/DB控制不显示人物发型,悬浮框装备背景图片.md","DB控制不显示人物发型,悬浮框装备背景图片",06-游戏功能详解,不显示发型.htm,371
docs/06-游戏功能详解/人型怪物设置方法[!].md,人型怪物设置方法[!],06-游戏功能详解,人型怪物设置方法[!].htm,3873
docs/06-游戏功能详解/人物在线改名系统.md,人物在线改名系统,06-游戏功能详解,人物在线改名.html,1354
docs/06-游戏功能详解/人物攻击和被攻击掉血前触发、修改当前伤害血量.md,人物攻击和被攻击掉血前触发、修改当前伤害血量,06-游戏功能详解,人物攻击和被攻击掉血前触发.html,675
docs/06-游戏功能详解/人物释放技能前自身触发.md,人物释放技能前自身触发,06-游戏功能详解,人物释放技能前自身触发.html,666
docs/06-游戏功能详解/从文本里随机获取一组不相同的字符.md,从文本里随机获取一组不相同的字符,06-游戏功能详解,从文本里随机获取一组不相同的字符.html,613
docs/06-游戏功能详解/伤害吸收装备设置.md,伤害吸收装备设置,06-游戏功能详解,伤害吸收装备设置[!].htm,131
docs/06-游戏功能详解/佩戴装备触发指定技能[!].md,佩戴装备触发指定技能[!],06-游戏功能详解,佩戴装备触发指定技能.htm,975
"docs/06-游戏功能详解/修改地图怪物名称,修改地图怪物名字.md","修改地图怪物名称,修改地图怪物名字",06-游戏功能详解,修改地图怪物名称.html,421
"docs/06-游戏功能详解/修改宝宝身体颜色,修改分身身体颜色.md","修改宝宝身体颜色,修改分身身体颜色",06-游戏功能详解,修改宝宝身体颜色.html,231
docs/06-游戏功能详解/修改指定账号的注册信息.md,修改指定账号的注册信息,06-游戏功能详解,修改指定账号的注册信息.html,1829
docs/06-游戏功能详解/内功系统[!].md,内功系统[!],06-游戏功能详解,内功系统[!].htm,1127
docs/06-游戏功能详解/内挂挂机设置.md,内挂挂机设置,06-游戏功能详解,内挂挂机设置.htm,562
docs/06-游戏功能详解/分身攻击触发.md,分身攻击触发,06-游戏功能详解,分身攻击触发.html,287
docs/06-游戏功能详解/叠加功能[!].md,叠加功能[!],06-游戏功能详解,叠加功能[!].htm,309
docs/06-游戏功能详解/可视仓库.md,可视仓库,06-游戏功能详解,可视仓库.HTML,888
docs/06-游戏功能详解/可视化商店(交易市场).md,可视化商店(交易市场),06-游戏功能详解,可视化商店.htm,415
"docs/06-游戏功能详解/嘲讽命令,吸怪.md","嘲讽命令,吸怪",06-游戏功能详解,嘲讽命令.html,184
docs/06-游戏功能详解/地图参数详解[!].md,地图参数详解[!],06-游戏功能详解,地图参数详解[!].htm,4077
docs/06-游戏功能详解/增加取随机值RANDOMEX非伪随机[!].md,增加取随机值RANDOMEX非伪随机[!],06-游戏功能详解,增加取随机值RANDOMEX非伪随机.html,260
docs/06-游戏功能详解/增加怪物爆物品（直接调用怪物爆率免去杀怪过程直接触发爆率文件）.md,增加怪物爆物品（直接调用怪物爆率免去杀怪过程直接触发爆率文件）,06-游戏功能详解,增加爆怪物物品（免去杀怪过程直接触发爆率文件）.html,210
docs/06-游戏功能详解/多级脚本使用[!].md,多级脚本使用[!],06-游戏功能详解,多级脚本使用[!].htm,949
docs/06-游戏功能详解/天下第一雕像相关说明.md,天下第一雕像相关说明,06-游戏功能详解,天下第一.HTML,3617
docs/06-游戏功能详解/天使翼翅膀.md,天使翼翅膀,06-游戏功能详解,天使翼翅膀.html,265
docs/06-游戏功能详解/天气效果[!].md,天气效果[!],06-游戏功能详解,天气效果[!].htm,854
docs/06-游戏功能详解/镶嵌宝石设置说明.md,镶嵌宝石设置说明,06-游戏功能详解,宝石镶嵌说明.HTML,8360
docs/06-游戏功能详解/宝箱自定义UI相关说明.md,宝箱自定义UI相关说明,06-游戏功能详解,宝箱自定义UI相关说明.html,145
docs/06-游戏功能详解/宝箱获取物品触发、宝箱触发.md,宝箱获取物品触发、宝箱触发,06-游戏功能详解,宝箱获取物品触发.html,146
docs/06-游戏功能详解/宠物说明.md,宠物说明,06-游戏功能详解,宠物说明整理.htm,10186
docs/06-游戏功能详解/对捡取的物品进行关联.md,对捡取的物品进行关联,06-游戏功能详解,对捡取的物品进行关联.htm,376
docs/06-游戏功能详解/小地图边框.md,小地图边框,06-游戏功能详解,小地图边框.html,368
docs/06-游戏功能详解/巡逻卫士.md,巡逻卫士,06-游戏功能详解,巡逻卫士.html,585
docs/06-游戏功能详解/强制怪物爆出物品、怪物掉落_爆出物品.md,强制怪物爆出物品、怪物掉落/爆出物品,06-游戏功能详解,强制怪物爆出物品.html,728
docs/06-游戏功能详解/怪物伤害封顶[!].md,怪物伤害封顶[!],06-游戏功能详解,怪物伤害封顶[!].htm,45
docs/06-游戏功能详解/怪物名称颜色自定义功能[!].md,怪物名称颜色自定义功能[!],06-游戏功能详解,怪物名称颜色自定义功能[!].htm,396
docs/06-游戏功能详解/怪物大血条.md,怪物大血条,06-游戏功能详解,怪物大血条.HTML,976
docs/06-游戏功能详解/怪物属性扩展[!].md,怪物属性扩展[!],06-游戏功能详解,怪物属性扩展[!].htm,353
docs/06-游戏功能详解/怪物探索设置说明[!].md,怪物探索设置说明[!],06-游戏功能详解,怪物探索设置说明[!].htm,1877
docs/06-游戏功能详解/怪物爆率支持变量.md,怪物爆率支持变量,06-游戏功能详解,怪物爆率支持变量.html,75
docs/06-游戏功能详解/怪物说话配置[!].md,怪物说话配置[!],06-游戏功能详解,怪物说话配置[!].htm,1506
docs/06-游戏功能详解/打开客户端界面功能.md,打开客户端界面功能,06-游戏功能详解,打开客户端界面功能.html,309
"docs/06-游戏功能详解/扩展NPC脚本点击触发带参数,NPC标签带参数.md","扩展NPC脚本点击触发带参数,NPC标签带参数",06-游戏功能详解,扩展NPC脚本点击触发带参数.html,1959
docs/06-游戏功能详解/扩展字符变量S和数字变量N[!].md,扩展字符变量S和数字变量N[!],06-游戏功能详解,扩展字符变量S和数字变量N[!].htm,341
docs/06-游戏功能详解/拍卖行.md,拍卖行,06-游戏功能详解,拍卖行.htm,1784
docs/06-游戏功能详解/改变怪物脸型、改变怪物外观、改变怪物appr、修改怪物脸型、修改怪物外观、修改怪物appr.md,改变怪物脸型、改变怪物外观、改变怪物appr、修改怪物脸型、修改怪物外观、修改怪物appr,06-游戏功能详解,改变怪物脸型命令.html,276
docs/06-游戏功能详解/显示改名后的装备名字变量.md,显示改名后的装备名字变量,06-游戏功能详解,改名后装备名字变量.htm,908
docs/06-游戏功能详解/数字转换为图片显示标签.md,数字转换为图片显示标签,06-游戏功能详解,数字转换为图片显示标签.htm,383
docs/06-游戏功能详解/斗笠功能设置[!].md,斗笠功能设置[!],06-游戏功能详解,斗笠功能设置[!].htm,1460
docs/06-游戏功能详解/新小地图计算方法[!].md,新小地图计算方法[!],06-游戏功能详解,新小地图计算方法[!].htm,1283
docs/06-游戏功能详解/爆率设置方式一：(传统设置).md,爆率设置方式一：(传统设置),06-游戏功能详解,新爆率格式 .html,3492
docs/06-游戏功能详解/无限仓库.md,无限仓库,06-游戏功能详解,无限仓库.HTML,782
docs/06-游戏功能详解/机器码使用说明[!].md,机器码使用说明[!],06-游戏功能详解,机器码使用说明[!].htm,145
docs/06-游戏功能详解/角色打怪爆出物品直接入包，角色打怪爆出物品直接入包[!].md,角色打怪爆出物品直接入包，角色打怪爆出物品直接入包[!],06-游戏功能详解,杀怪爆出物品自动入包.htm,1007
docs/06-游戏功能详解/根据物品数据库idx直接得到物品.md,根据物品数据库idx直接得到物品,06-游戏功能详解,根据物品数据库idx直接得到物品.html,105
docs/06-游戏功能详解/检测使用的物品来源于哪个背包.md,检测使用的物品来源于哪个背包,06-游戏功能详解,检测使用的物品来源于哪个背包.html,478
docs/06-游戏功能详解/武器声音、武器音效.md,武器声音、武器音效,06-游戏功能详解,武器声音.htm,966
docs/06-游戏功能详解/人物注册资料变量显示.md,人物注册资料变量显示,06-游戏功能详解,注册资料变量.htm,295
docs/06-游戏功能详解/游戏内活动按钮[!].md,游戏内活动按钮[!],06-游戏功能详解,活动按钮.htm,50
docs/06-游戏功能详解/添加对话框(可用于主界面任务引导).md,添加对话框(可用于主界面任务引导),06-游戏功能详解,添加对话框AddDlg (可用于主界面任务引导).html,1772
docs/06-游戏功能详解/游戏开宝箱功能[!].md,游戏开宝箱功能[!],06-游戏功能详解,游戏开宝箱功能[!].htm,2870
docs/06-游戏功能详解/火龙神殿[!].md,火龙神殿[!],06-游戏功能详解,火龙神殿[!].htm,1545
docs/06-游戏功能详解/点击小地图自动寻路[!].md,点击小地图自动寻路[!],06-游戏功能详解,点击小地图自动寻路[!].htm,129
docs/06-游戏功能详解/物品合成系统[!].md,物品合成系统[!],06-游戏功能详解,物品合成系统[!].htm,1386
docs/06-游戏功能详解/物品和武器的扩展算法[!].md,物品和武器的扩展算法[!],06-游戏功能详解,物品和武器的扩展算法[!].htm,4605
docs/06-游戏功能详解/血球界面的魔法球效果[!.md,血球界面的魔法球效果[!,06-游戏功能详解,界面播放魔法球.htm,217
docs/06-游戏功能详解/登录点安全区[!].md,登录点安全区[!],06-游戏功能详解,登录点安全区[!].htm,555
docs/06-游戏功能详解/禁止物品掉落、停止物品掉落、禁止爆出物品、爆出物品检测，脚本回收爆出物品.md,禁止物品掉落、停止物品掉落、禁止爆出物品、爆出物品检测，脚本回收爆出物品,06-游戏功能详解,禁止物品掉落.html,488
docs/06-游戏功能详解/移动指定地图坐标的怪物到新的地图位置.、移动地图怪物.md,移动指定地图坐标的怪物到新的地图位置.、移动地图怪物,06-游戏功能详解,移动指定地图坐标的怪物到新的地图位置.html,304
docs/06-游戏功能详解/穿戴和脱装备统一触发.md,穿戴和脱装备统一触发,06-游戏功能详解,穿戴和脱装备统一触发.html,881
docs/06-游戏功能详解/经络连击[!].md,经络连击[!],06-游戏功能详解,经络连击[!].htm,3908
docs/06-游戏功能详解/文本读取、写入支持绝对路径.md,文本读取、写入支持绝对路径,06-游戏功能详解,绝对路径.HTM,970
docs/06-游戏功能详解/背包扩展、包裹扩展.md,背包扩展、包裹扩展,06-游戏功能详解,背包扩展.html,556
docs/06-游戏功能详解/脚本中使用图标功能[!].md,脚本中使用图标功能[!],06-游戏功能详解,脚本中使用图标功能[!].htm,1076
docs/06-游戏功能详解/脚本命令将数字转换为图片显示.md,脚本命令将数字转换为图片显示,06-游戏功能详解,脚本命令将数字转换为图片显示.htm,641
docs/06-游戏功能详解/设置怪物爆率倍数[!].md,设置怪物爆率倍数[!],06-游戏功能详解,脚本设置怪物爆率倍数[!].htm,872
docs/06-游戏功能详解/自动登录离线挂机人物[!].md,自动登录离线挂机人物[!],06-游戏功能详解,自动登录离线挂机人物[!].htm,152
docs/06-游戏功能详解/自定义安全区形状.md,自定义安全区形状,06-游戏功能详解,自定义安全区形状.html,1711
docs/06-游戏功能详解/自定义属性说明书.md,自定义属性说明书,06-游戏功能详解,自定义属性说明书.htm,9367
docs/06-游戏功能详解/自定义进度条和自定义属性演示脚本.md,自定义进度条和自定义属性演示脚本,06-游戏功能详解,自定义进度条和自定义属性演示脚本.htm,3012
docs/06-游戏功能详解/悬浮框自定义进度条使用说明.md,悬浮框自定义进度条使用说明,06-游戏功能详解,自定义进度条说明书.htm,6197
docs/06-游戏功能详解/自定义采集功能.md,自定义采集功能,06-游戏功能详解,自定义采集.htm,309
docs/06-游戏功能详解/英雄在线改名系统.md,英雄在线改名系统,06-游戏功能详解,英雄在线改名.html,803
docs/06-游戏功能详解/英雄连击配置[!].md,英雄连击配置[!],06-游戏功能详解,英雄连击配置[!].htm,134
docs/06-游戏功能详解/英雄魔法触发功能.md,英雄魔法触发功能,06-游戏功能详解,英雄魔法触发功能.html,246
docs/06-游戏功能详解/获取一组不相同的随机数.md,获取一组不相同的随机数,06-游戏功能详解,获取一组不相同的随机数.html,538
docs/06-游戏功能详解/获取地图上分身数量.md,获取地图上分身数量,06-游戏功能详解,获取地图上分身数量.html,278
docs/06-游戏功能详解/获取地图人数命令.md,获取地图人数命令,06-游戏功能详解,获取地图人数命令.html,191
docs/06-游戏功能详解/获取对象的属性、获取属性.md,获取对象的属性、获取属性,06-游戏功能详解,获取对象的全体属性.html,642
docs/06-游戏功能详解/捡起丢弃物品ID序列号.md,捡起丢弃物品ID序列号,06-游戏功能详解,获取捡起丢弃物品ID序列号.html,206
docs/06-游戏功能详解/获取物品属性值.md,获取物品属性值,06-游戏功能详解,获取物品属性值.html,1325
docs/06-游戏功能详解/装备套装备注[!].md,装备套装备注[!],06-游戏功能详解,装备套装备注[!].htm,710
"docs/06-游戏功能详解/角色交易系统,账号交易买卖，角色出售[!].md","角色交易系统,账号交易买卖，角色出售[!]",06-游戏功能详解,角色交易系统.htm,2826
docs/06-游戏功能详解/调整分身攻击人物的威力倍率.md,调整分身攻击人物的威力倍率,06-游戏功能详解,调整分身攻击人物的威力倍率.html,755
docs/06-游戏功能详解/调整宝宝攻击人物的威力倍率.md,调整宝宝攻击人物的威力倍率,06-游戏功能详解,调整宝宝攻击人物的威力倍率.htm,805
docs/06-游戏功能详解/购买摆摊物品后触发、摆摊触发.md,购买摆摊物品后触发、摆摊触发,06-游戏功能详解,购买摆摊物品后触发.html,285
docs/06-游戏功能详解/爆率透视.md,爆率透视,06-游戏功能详解,透视命令.html,1488
docs/06-游戏功能详解/假人配置[!].md,假人配置[!],06-游戏功能详解,配置假人[!].htm,4625
docs/06-游戏功能详解/采集类怪物[!].md,采集类怪物[!],06-游戏功能详解,采集类怪物.htm,312
docs/06-游戏功能详解/限制摆摊物品最低售价.md,限制摆摊物品最低售价,06-游戏功能详解,限制摆摊物品最低售价.htm,136
"docs/06-游戏功能详解/韩国地图,韩国传奇3.md","韩国地图,韩国传奇3",06-游戏功能详解,韩国传奇2地图支持说明.htm,116
"docs/06-游戏功能详解/韩国地图,韩国传奇2.md","韩国地图,韩国传奇2",06-游戏功能详解,韩国传奇3地图支持说明.htm,347
docs/06-游戏功能详解/顶戴花翎功能[!].md,顶戴花翎功能[!],06-游戏功能详解,顶戴花翎功能[!].htm,1170
docs/06-游戏功能详解/魔王岭相关.md,魔王岭相关,06-游戏功能详解,魔王岭相关.html,513
docs/07-游戏魔法技能/英雄合击技能[!].md,英雄合击技能[!],07-游戏魔法技能,合击技能[!].htm,515
docs/08-脚本实例/53类宝石(封印)介绍[!].md,53类宝石(封印)介绍[!],08-脚本实例,53类宝石描述.htm,369
docs/08-脚本实例/LineNotice.txt彩色滚动公告[!].md,LineNotice.txt彩色滚动公告[!],08-脚本实例,LineNotice.txt彩色滚动公告[!].htm,330
docs/08-脚本实例/NPC命令打开装备栏及其他页面[!].md,NPC命令打开装备栏及其他页面[!],08-脚本实例,NPC命令打开装备栏及其他页面.htm,344
docs/08-脚本实例/NPC对话框内倒计时.md,NPC对话框内倒计时,08-脚本实例,NPC对话框内倒计时.html,589
docs/08-脚本实例/NPC对话框调用装备信息（支持物品图片以及展示属性）.md,NPC对话框调用装备信息（支持物品图片以及展示属性）,08-脚本实例,NPC对话框调用装备信息.htm,247
docs/08-脚本实例/NPC对话框调用身上装备信息（支持物品图片以及展示属性）.md,NPC对话框调用身上装备信息（支持物品图片以及展示属性）,08-脚本实例,NPC对话框调用身上装备信息.htm,251
docs/08-脚本实例/NPC标签备注功能[!].md,NPC标签备注功能[!],08-脚本实例,npc标签功能.htm,105
docs/08-脚本实例/一键回收包裹物品[!].md,一键回收包裹物品[!],08-脚本实例,一键回收包裹物品.htm,730
docs/08-脚本实例/人物显示一个放大的虚影[!].md,人物显示一个放大的虚影[!],08-脚本实例,人物显示幻象.htm,149
docs/08-脚本实例/人物转生[!].md,人物转生[!],08-脚本实例,人物转生[!].htm,1574
docs/08-脚本实例/人物颜色发型.md,人物颜色发型,08-脚本实例,人物颜色发型.htm,1804
docs/08-脚本实例/任务脚本.md,任务脚本,08-脚本实例,任务脚本.htm,3474
docs/08-脚本实例/会员系统详解.md,会员系统详解,08-脚本实例,会员系统详解.htm,1350
docs/08-脚本实例/使用脚本命令解毒[!].md,使用脚本命令解毒[!],08-脚本实例,使用脚本命令解毒.htm,93
"docs/08-脚本实例/修改人体颜色,改变人体颜色.md","修改人体颜色,改变人体颜色",08-脚本实例,修改人体颜色.html,490
docs/08-脚本实例/修改怪物颜色[!].md,修改怪物颜色[!],08-脚本实例,修改怪物身体颜色.html,398
docs/08-脚本实例/假人登录脚本实例.md,假人登录脚本实例,08-脚本实例,假人登录脚本.htm,666
docs/08-脚本实例/假人自动摆摊.md,假人自动摆摊,08-脚本实例,假人自动摆摊.htm,386
docs/08-脚本实例/开通元宝寄售服务.md,开通元宝寄售服务,08-脚本实例,元宝寄售系统.HTML,1413
docs/08-脚本实例/元宝转账.md,元宝转账,08-脚本实例,元宝转帐.htm,398
docs/08-脚本实例/创建主将英雄脚本.md,创建主将英雄脚本,08-脚本实例,创建主将英雄脚本.htm,4349
docs/08-脚本实例/创建副将英雄脚本.md,创建副将英雄脚本,08-脚本实例,创建副将英雄脚本.html,7891
docs/08-脚本实例/[@main].md,[@main],08-脚本实例,创建行会脚本.htm,1352
docs/08-脚本实例/副本地图相关参数.md,副本地图相关参数,08-脚本实例,副本地图.html,2969
docs/08-脚本实例/动态地图连接[!].md,动态地图连接[!],08-脚本实例,动态地图连接[!].htm,995
docs/08-脚本实例/卧龙山庄的地图代码为 Hero1.md,卧龙山庄的地图代码为 Hero1,08-脚本实例,卧龙山庄配置.html,1677
docs/08-脚本实例/发送聊天框固顶信息.md,发送聊天框固顶信息,08-脚本实例,发送聊天框固顶信息.htm,133
docs/08-脚本实例/召唤某个玩家到自己身边.md,召唤某个玩家到自己身边,08-脚本实例,召唤玩家到自己身边.htm,222
docs/08-脚本实例/ThrowItem在放置物品之前修改物品的来源.md,ThrowItem在放置物品之前修改物品的来源,08-脚本实例,在放置物品之前修改物品的来源.html,613
docs/08-脚本实例/刷新包裹的命令.md,刷新包裹的命令,08-脚本实例,增加刷新包裹命令.html,333
docs/08-脚本实例/复活触发[!].md,复活触发[!],08-脚本实例,复活触发.html,205
docs/08-脚本实例/大退游戏命令.md,大退游戏命令,08-脚本实例,大退游戏命令.htm,121
docs/08-脚本实例/魔王岭脚本.md,魔王岭脚本,08-脚本实例,天下第一.htm,396
docs/08-脚本实例/脚本发送屏幕震动[!].md,脚本发送屏幕震动[!],08-脚本实例,屏幕震动脚本.htm,624
docs/08-脚本实例/强制组队脚本.md,强制组队脚本,08-脚本实例,强制组队.html,667
docs/08-脚本实例/循环脚本.md,循环脚本,08-脚本实例,循环脚本.htm,504
docs/08-脚本实例/脚本控制怪物攻城.md,脚本控制怪物攻城,08-脚本实例,怪物攻城脚本.htm,1649
docs/08-脚本实例/悬浮式装备信息窗口支持图片显示.md,悬浮式装备信息窗口支持图片显示,08-脚本实例,悬浮式提示框支持图片.HTML,600
docs/08-脚本实例/打开个人店铺（摆摊）.md,打开个人店铺（摆摊）,08-脚本实例,打开个人店铺脚本命令.htm,85
docs/08-脚本实例/技能栏升级强化技能[!].md,技能栏升级强化技能[!],08-脚本实例,技能栏触发升级强化技能.html,1196
docs/08-脚本实例/挑战功能.md,挑战功能,08-脚本实例,挑战功能.htm,3996
docs/08-脚本实例/捆药绳[!].md,捆药绳[!],08-脚本实例,捆药绳.html,218
docs/08-脚本实例/收徒脚本.md,收徒脚本,08-脚本实例,收徒脚本.htm,3867
docs/08-脚本实例/改变人物状态脚本.md,改变人物状态脚本,08-脚本实例,改变人物状态脚本.html,203
docs/08-脚本实例/新增触发.md,新增触发,08-脚本实例,新增触发说明.htm,1322
docs/08-脚本实例/屏幕显示信息分个人和全局.md,屏幕显示信息分个人和全局,08-脚本实例,新的公告.html,1624
docs/08-脚本实例/新转职业变性脚本.md,新转职业变性脚本,08-脚本实例,新转职业变性脚本.htm,5346
docs/08-脚本实例/机器人脚本.md,机器人脚本,08-脚本实例,机器人脚本.htm,1200
docs/08-脚本实例/功能：.md,功能：,08-脚本实例,检测人物多少时间没有移动.htm,342
docs/08-脚本实例/检查人物的职业 [!].md,检查人物的职业 [!],08-脚本实例,检测人物职业.htm,148
docs/08-脚本实例/此命令可以用于抓鬼任务 ，随机刷怪前检测坐标.md,此命令可以用于抓鬼任务 ，随机刷怪前检测坐标,08-脚本实例,检测地图坐标是否可以到达.htm,214
docs/08-脚本实例/装备加速功能.md,装备加速功能,08-脚本实例,武器速度.htm,120
docs/08-脚本实例/沙城主公告.md,沙城主公告,08-脚本实例,沙城主公告.htm,1594
docs/08-脚本实例/清除当前人物的拜师信息.md,清除当前人物的拜师信息,08-脚本实例,清除当前人物的拜师信息.htm,236
docs/08-脚本实例/烟花脚本实例[!].md,烟花脚本实例[!],08-脚本实例,烟花脚本[!].htm,1586
docs/08-脚本实例/人物登录脚本.md,人物登录脚本,08-脚本实例,登录脚本.htm,429
docs/08-脚本实例/百分比检测.md,--------------------------------------------------------------------,08-脚本实例,百分比检测.htm,1618
docs/08-脚本实例/祝福语脚本.md,祝福语脚本,08-脚本实例,祝福语脚本.htm,157
docs/08-脚本实例/神佑袋（十二生肖）介绍.md,神佑袋（十二生肖）介绍,08-脚本实例,神佑袋.htm,4010
docs/08-脚本实例/离线挂机[!].md,离线挂机[!],08-脚本实例,离线挂机[!].htm,625
docs/08-脚本实例/经验怪、经验猪.md,经验怪、经验猪,08-脚本实例,经验猪类型的经验怪.htm,243
docs/08-脚本实例/结婚脚本.md,结婚脚本,08-脚本实例,结婚脚本.htm,3829
docs/08-脚本实例/聊天框自定义颜色.md,聊天框自定义颜色,08-脚本实例,聊天框自定义颜色.htm,342
docs/08-脚本实例/脚本初始化.md,脚本初始化,08-脚本实例,脚本初始化.html,185
"docs/08-脚本实例/召唤指定怪物为宝宝,脚本召唤宝宝.md","召唤指定怪物为宝宝,脚本召唤宝宝",08-脚本实例,脚本召唤宝宝.htm,399
docs/08-脚本实例/脚本增加自定义按钮[!].md,脚本增加自定义按钮[!],08-脚本实例,脚本增加自定义按钮.htm,1877
docs/08-脚本实例/自动排列自定义按钮倒计时触发.md,自动排列自定义按钮倒计时触发,08-脚本实例,自动排列自定义按钮倒计时触发.html,1168
docs/08-脚本实例/自定义变量前可使用变量或者多级脚本调用，说明：M. 为当前攻击对象   L.当前攻击自己对象.md,自定义变量前可使用变量或者多级脚本调用，说明：M. 为当前攻击对象   L.当前攻击自己对象,08-脚本实例,自定义使用多级脚本.htm,1205
docs/08-脚本实例/自定义命令输入参数[!].md,自定义命令输入参数[!],08-脚本实例,自定义命令输入参数[!].htm,637
docs/08-脚本实例/自定义按钮倒计时触发.md,自定义按钮倒计时触发,08-脚本实例,自定义按钮倒计时触发.htm,751
docs/08-脚本实例/英雄攻击触发.md,英雄攻击触发,08-脚本实例,英雄攻击触发.HTML,2246
docs/08-脚本实例/获取徒弟列表.md,获取徒弟列表,08-脚本实例,获取徒弟列表.htm,106
docs/08-脚本实例/获取徒弟数量.md,获取徒弟数量,08-脚本实例,获取徒弟数量.htm,110
docs/08-脚本实例/获取组队成员数量(组队相关命令).md,获取组队成员数量(组队相关命令),08-脚本实例,获取组队成员数量.htm,552
docs/08-脚本实例/装备名称自定义系统.md,装备名称自定义系统,08-脚本实例,装备改名.htm,1429
docs/08-脚本实例/记忆石设置方法[!].md,记忆石设置方法[!],08-脚本实例,记忆石设置方法[!].htm,1350
docs/08-脚本实例/设置雕像有效时间[!].md,设置雕像有效时间[!],08-脚本实例,设置雕像有效时间.html,275
docs/08-脚本实例/跳转，延迟.md,跳转，延迟,08-脚本实例,跳转延迟.htm,594
docs/08-脚本实例/转生触发.md,转生触发,08-脚本实例,转生触发.htm,142
docs/08-脚本实例/转职业变性脚本.md,转职业变性脚本,08-脚本实例,转职业变性脚本.htm,1697
docs/08-脚本实例/达到多少人在线不允许离线挂机脚本.md,达到多少人在线不允许离线挂机脚本,08-脚本实例,达到多少人在线不允许离线挂机脚本.htm,1022
docs/08-脚本实例/酒神弟子完整脚本[!].md,酒神弟子完整脚本[!],08-脚本实例,酒神弟子完整脚本[!].htm,1831
docs/09-常见问题解答/不能自动解包.md,不能自动解包,09-常见问题解答,不能自动解包.html,1757
docs/09-常见问题解答/为什么我原来数据库里的武器加速，现在乱了？.md,为什么我原来数据库里的武器加速，现在乱了？,09-常见问题解答,为什么我原来数据库里的武器加速现在乱了.htm,110
docs/09-常见问题解答/为什么我的NPC不能买、卖、修理物品？.md,为什么我的NPC不能买、卖、修理物品？,09-常见问题解答,为什么我的NPC不能买卖修理物品.htm,387
docs/09-常见问题解答/为什么我的沙城墙没血条.md,为什么我的沙城墙没血条,09-常见问题解答,为什么我的沙城墙没血条.htm,163
docs/09-常见问题解答/内挂默认药品设置.md,内挂默认药品设置,09-常见问题解答,内挂默认药品设置.html,917
docs/09-常见问题解答/商铺购买不了元宝.md,商铺购买不了元宝,09-常见问题解答,商铺购买不了元宝.html,166
docs/09-常见问题解答/套装属性体力恢复和魔法恢复百分比.md,套装属性体力恢复和魔法恢复百分比,09-常见问题解答,套装属性HP和MP恢复百分比.html,438
docs/09-常见问题解答/如何改变蜡烛类型装备掉持久类型.md,如何改变蜡烛类型装备掉持久类型,09-常见问题解答,如何改变蜡烛类型装备掉持久类型[!].htm,153
docs/09-常见问题解答/如何设置武器为吸血武器.md,如何设置武器为吸血武器,09-常见问题解答,如何设置武器为吸血武器.htm,95
docs/09-常见问题解答/泡点功能详解.md,泡点功能详解,09-常见问题解答,泡点功能详解.htm,705
docs/09-常见问题解答/物品不能重叠.md,物品不能重叠,09-常见问题解答,物品不能重叠.html,177
docs/09-常见问题解答/登陆游戏黑屏.md,登陆游戏黑屏,09-常见问题解答,登陆黑屏.htm,161
docs/09-常见问题解答/看不见衣服翅膀和武器特效.md,看不见衣服翅膀和武器特效,09-常见问题解答,看不见衣服翅膀和武器特效.html,49
docs/09-常见问题解答/组队快捷键Alt+W 和 Alt+S 均为快速组队热键.md,组队快捷键Alt+W 和 Alt+S 均为快速组队热键,09-常见问题解答,组队热键.htm,59
docs/09-常见问题解答/自动吃背包的触发物品问题[!].md,自动吃背包的触发物品问题[!],09-常见问题解答,自动吃背包的触发物品问题[!].htm,17
docs/09-常见问题解答/游戏中人物血和蓝数值不正确解决方法.md,游戏中人物血和蓝数值不正确解决方法,09-常见问题解答,血量显示不正确.htm,528
docs/10-其他资料/DEC对字符型变量操作命令[!].md,DEC对字符型变量操作命令[!],10-其他资料,DEC对字符型变量操作命令[!].htm,221
docs/10-其他资料/新增GM命令[!].md,新增GM命令[!],10-其他资料,GM管理命令[!].htm,2429
docs/10-其他资料/MagicShieldItemList.md,MagicShieldItemList,10-其他资料,MagicShieldItemList护身.htm,519
docs/10-其他资料/MapQuest.txt说明.md,MapQuest.txt说明,10-其他资料,MapQuest.txt扩展.htm,557
docs/10-其他资料/NPC对话框内默认输入框.md,NPC对话框内默认输入框,10-其他资料,NPC对话框内默认输入框.htm,1039
docs/10-其他资料/NPC对话框点击复制文字.md,NPC对话框点击复制文字,10-其他资料,NPC对话框点击复制文字.htm,129
docs/10-其他资料/为什么提示禁止点击该NPC触发字段？.md,为什么提示禁止点击该NPC触发字段？,10-其他资料,为什么提示禁止点击该NPC触发字段.HTML,844
docs/10-其他资料/登录二级密码功能.md,登录二级密码功能,10-其他资料,二级密码功能.htm,195
docs/10-其他资料/官方马牌参数： 变量：_$HORSE_装备位置：15.md,官方马牌参数： 变量：<$HORSE>装备位置：15,10-其他资料,仿官方马牌说明.html,4590
docs/10-其他资料/传奇脚本命令详解[!].md,传奇脚本命令详解[!],10-其他资料,传奇基础脚本命令详解[!].htm,5063
docs/10-其他资料/修改内力值.md,修改内力值,10-其他资料,修改内力值.html,144
docs/10-其他资料/内力恢复药物.md,内力恢复药物,10-其他资料,内力恢复药物.html,421
docs/10-其他资料/动态创建镜像地图.md,动态创建镜像地图,10-其他资料,动态创建镜像地图.htm,1625
docs/10-其他资料/国战系统命令汇总.md,国战系统命令汇总,10-其他资料,国家命令汇总.html,4905
docs/10-其他资料/国战系统脚本实例.md,国战系统脚本实例,10-其他资料,国家脚本实例.html,2308
docs/10-其他资料/扩展GIVE命令.md,扩展GIVE命令,10-其他资料,扩展GIVE命令.htm,986
docs/10-其他资料/掉落提示增加支持物品属性信息查看.md,掉落提示增加支持物品属性信息查看,10-其他资料,掉落提示增加支持物品属性信息查看.html,339
docs/10-其他资料/掉落身上装备命令.md,掉落身上装备命令,10-其他资料,掉落身上装备命令.html,128
docs/10-其他资料/数据库变量说明[!].md,数据库变量说明[!],10-其他资料,数据库变量说明.htm,341
docs/10-其他资料/按比例恢复的太阳水类药品[!].md,按比例恢复的太阳水类药品[!],10-其他资料,新的太阳水药品（按自身HP和MP比例恢复).html,427
docs/10-其他资料/时装说明：.md,时装说明：,10-其他资料,时装.html,4786
docs/10-其他资料/设置显示名称格式.md,设置显示名称格式,10-其他资料,显示名称控制.htm,871
docs/10-其他资料/查看人物私聊信息.md,查看人物私聊信息,10-其他资料,查看人物私聊信息.htm,101
docs/10-其他资料/神秘人地图设置.md,神秘人地图设置,10-其他资料,浑水摸鱼.HTM,1473
docs/10-其他资料/添加自动排列按钮，自定义按钮自动排列.md,添加自动排列按钮，自定义按钮自动排列,10-其他资料,添加自动排列按钮.html,1067
docs/10-其他资料/物品位置[!].md,物品位置[!],10-其他资料,物品位置[!].htm,376
docs/10-其他资料/物品来源相关.md,物品来源相关,10-其他资料,物品来源相关文档.htm,601
docs/10-其他资料/物品绑定人物.md,物品绑定人物,10-其他资料,物品绑定人物.htm,319
docs/10-其他资料/ClientMerchantDlgSelect接收到非法请求？.md,ClientMerchantDlgSelect接收到非法请求？,10-其他资料,特殊字段应用.HTML,440
docs/10-其他资料/用户游戏命令详解.md,用户游戏命令详解,10-其他资料,用户游戏相关命令.htm,772
docs/10-其他资料/登录器标识变量.md,登录器标识变量,10-其他资料,登录器推广标识.HTM,123
docs/10-其他资料/盛大称号系统介绍.md,盛大称号系统介绍,10-其他资料,称号系统.htm,6592
docs/10-其他资料/程序变量说明[!].md,程序变量说明[!],10-其他资料,程序变量说明[!].htm,3914
docs/10-其他资料/仿Herom2第三方骑马参数：变量：_$HORSE_  装备位置：15.md,仿Herom2第三方骑马参数：变量：<$HORSE>  装备位置：15,10-其他资料,第三方骑马.html,4761
docs/10-其他资料/脚本变量大全[!].md,脚本变量大全[!],10-其他资料,脚本变量大全[!].htm,8135
docs/10-其他资料/自定义安全区光柱类型.md,自定义安全区光柱类型,10-其他资料,自定义安全区光柱.htm,360
docs/10-其他资料/获取当前NPC名称.md,获取当前NPC名称,10-其他资料,获取当前NPC名称.html,75
docs/10-其他资料/获取装备镶嵌宝石数量.md,获取装备镶嵌宝石数量,10-其他资料,获取装备宝石数量.html,411
docs/10-其他资料/本地登陆器集成列表[!].md,本地登陆器集成列表[!],10-其他资料,集成列表.html,181
docs/10-其他资料/将需要继承的补丁文件放入补丁文件夹内相应的目录内.md,将需要继承的补丁文件放入补丁文件夹内相应的目录内.,10-其他资料,集成补丁说明.html,326
docs/10-其他资料/页游天关系统.md,页游天关系统,10-其他资料,页游天关系统.html,1401
docs/10-其他资料/首饰盒详情：.md,首饰盒详情：,10-其他资料,首饰盒.html,2422
docs/10-其他资料/魔血石、气血石、幻魔石说明[!].md,魔血石、气血石、幻魔石说明[!],10-其他资料,魔血石、气血石、幻魔石.htm,649
docs/11-HeroM2兼容/01-功能操作命令/不允许宝石升级.md,不允许宝石升级,11-HeroM2兼容/01-功能操作命令,不允许宝石升级.htm,193
docs/11-HeroM2兼容/01-功能操作命令/人物聊天文字变色.md,人物聊天文字变色,11-HeroM2兼容/01-功能操作命令,人物聊天文字变色.htm,123
docs/11-HeroM2兼容/01-功能操作命令/关闭大对话框模式.md,关闭大对话框模式,11-HeroM2兼容/01-功能操作命令,关闭大对话框模式.htm,76
docs/11-HeroM2兼容/01-功能操作命令/写入指定文本文件.md,写入指定文本文件,11-HeroM2兼容/01-功能操作命令,写入指定文本文件[!].htm,133
docs/11-HeroM2兼容/01-功能操作命令/创建目录.md,创建目录,11-HeroM2兼容/01-功能操作命令,创建目录.htm,86
docs/11-HeroM2兼容/01-功能操作命令/删除地图动态链接点.md,删除地图动态链接点,11-HeroM2兼容/01-功能操作命令,删除地图动态链接点.htm,110
docs/11-HeroM2兼容/01-功能操作命令/动态修改地图名字.md,动态修改地图名字,11-HeroM2兼容/01-功能操作命令,动态修改地图名字.htm,136
docs/11-HeroM2兼容/01-功能操作命令/取下人物身上装备.md,取下人物身上装备,11-HeroM2兼容/01-功能操作命令,取下人物身上装备.htm,56
docs/11-HeroM2兼容/01-功能操作命令/取字符串在列表中的位置.md,取字符串在列表中的位置,11-HeroM2兼容/01-功能操作命令,取字符串在列表中的位置.htm,211
docs/11-HeroM2兼容/01-功能操作命令/取得随机字符串.md,取得随机字符串,11-HeroM2兼容/01-功能操作命令,取得随机字符串.htm,345
docs/11-HeroM2兼容/01-功能操作命令/取装备名字.md,取装备名字,11-HeroM2兼容/01-功能操作命令,取装备名字.htm,237
docs/11-HeroM2兼容/01-功能操作命令/召唤自己的分身.md,召唤自己的分身,11-HeroM2兼容/01-功能操作命令,召唤自己的分身.htm,211
docs/11-HeroM2兼容/01-功能操作命令/地图随机物品.md,地图随机物品,11-HeroM2兼容/01-功能操作命令,地图随机物品.htm,271
docs/11-HeroM2兼容/01-功能操作命令/增加限次使用物品的次数.md,增加限次使用物品的次数,11-HeroM2兼容/01-功能操作命令,增加限次使用物品的次数.htm,362
docs/11-HeroM2兼容/01-功能操作命令/宝宝立即叛变.md,宝宝立即叛变,11-HeroM2兼容/01-功能操作命令,宝宝立即叛变.htm,522
docs/11-HeroM2兼容/01-功能操作命令/屏幕中间显示公告.md,屏幕中间显示公告,11-HeroM2兼容/01-功能操作命令,屏幕中间显示公告.htm,794
docs/11-HeroM2兼容/01-功能操作命令/延时执行脚本.md,延时执行脚本,11-HeroM2兼容/01-功能操作命令,延时执行脚本.htm,120
docs/11-HeroM2兼容/01-功能操作命令/建立一个文本文件.md,建立一个文本文件,11-HeroM2兼容/01-功能操作命令,建立一个文本文件.htm,120
docs/11-HeroM2兼容/01-功能操作命令/建立新行会.md,建立新行会,11-HeroM2兼容/01-功能操作命令,建立新行会.htm,106
docs/11-HeroM2兼容/01-功能操作命令/强制攻击模式.md,强制攻击模式,11-HeroM2兼容/01-功能操作命令,强制攻击模式.htm,364
docs/11-HeroM2兼容/01-功能操作命令/禁言、恢复发言.md,禁言、恢复发言,11-HeroM2兼容/01-功能操作命令,恢复发言.htm,259
docs/11-HeroM2兼容/01-功能操作命令/所有行会同时攻城.md,所有行会同时攻城,11-HeroM2兼容/01-功能操作命令,所有行会同时攻城.htm,96
docs/11-HeroM2兼容/01-功能操作命令/打开游戏商铺.md,打开游戏商铺,11-HeroM2兼容/01-功能操作命令,打开游戏商铺.htm,73
docs/11-HeroM2兼容/01-功能操作命令/打开网站地址.md,打开网站地址,11-HeroM2兼容/01-功能操作命令,打开网站地址.htm,338
docs/11-HeroM2兼容/01-功能操作命令/拆解物品.md,拆解物品,11-HeroM2兼容/01-功能操作命令,拆解物品.htm,686
docs/11-HeroM2兼容/01-功能操作命令/排序人物自定义变量[!].md,排序人物自定义变量[!],11-HeroM2兼容/01-功能操作命令,排序人物自定义变量[!].htm,355
docs/11-HeroM2兼容/01-功能操作命令/排序在线人物自定义变量[!].md,排序在线人物自定义变量[!],11-HeroM2兼容/01-功能操作命令,排序在线人物自定义变量[!].htm,372
docs/11-HeroM2兼容/01-功能操作命令/收回人物的英雄.md,收回人物的英雄,11-HeroM2兼容/01-功能操作命令,收回人物的英雄.htm,75
docs/11-HeroM2兼容/01-功能操作命令/改变人物的模式.md,改变人物的模式,11-HeroM2兼容/01-功能操作命令,改变人物的模式.htm,561
docs/11-HeroM2兼容/01-功能操作命令/改变宝宝名字颜色.md,改变宝宝名字颜色,11-HeroM2兼容/01-功能操作命令,改变宝宝名字颜色.htm,57
docs/11-HeroM2兼容/01-功能操作命令/改变指定行会的掌门人.md,改变指定行会的掌门人,11-HeroM2兼容/01-功能操作命令,改变指定行会的掌门人.htm,88
docs/11-HeroM2兼容/01-功能操作命令/改变物品的持久.md,改变物品的持久,11-HeroM2兼容/01-功能操作命令,改变物品的持久.htm,244
docs/11-HeroM2兼容/01-功能操作命令/改变用户模式.md,改变用户模式,11-HeroM2兼容/01-功能操作命令,改变用户模式.htm,820
docs/11-HeroM2兼容/01-功能操作命令/改变衣服翅膀效果.md,改变衣服翅膀效果,11-HeroM2兼容/01-功能操作命令,改变衣服翅膀效果.htm,187
docs/11-HeroM2兼容/01-功能操作命令/新物品绑定检测.md,新物品绑定检测,11-HeroM2兼容/01-功能操作命令,新物品绑定检测.htm,99
docs/11-HeroM2兼容/01-功能操作命令/新的装备改名.md,新的装备改名,11-HeroM2兼容/01-功能操作命令,新的装备改名.htm,398
docs/11-HeroM2兼容/01-功能操作命令/新的装备绑定.md,新的装备绑定,11-HeroM2兼容/01-功能操作命令,新的装备绑定.htm,288
docs/11-HeroM2兼容/01-功能操作命令/杀死人物的宝宝.md,杀死人物的宝宝,11-HeroM2兼容/01-功能操作命令,杀死人物的宝宝.htm,134
docs/11-HeroM2兼容/01-功能操作命令/杀死地图中的怪物.md,杀死地图中的怪物,11-HeroM2兼容/01-功能操作命令,杀死地图中的怪物.htm,166
docs/11-HeroM2兼容/01-功能操作命令/查看动态地图链接点.md,查看动态地图链接点,11-HeroM2兼容/01-功能操作命令,查看动态地图链接点.htm,300
docs/11-HeroM2兼容/01-功能操作命令/清除宝石升级属性.md,清除宝石升级属性,11-HeroM2兼容/01-功能操作命令,清除宝石升级属性.htm,132
docs/11-HeroM2兼容/01-功能操作命令/英雄增加以及删除技能.md,英雄增加以及删除技能,11-HeroM2兼容/01-功能操作命令,清除英雄所有技能.htm,83
docs/11-HeroM2兼容/01-功能操作命令/物品合成系统.md,物品合成系统,11-HeroM2兼容/01-功能操作命令,物品合成系统.htm,1312
docs/11-HeroM2兼容/01-功能操作命令/特修身上装备.md,特修身上装备,11-HeroM2兼容/01-功能操作命令,特修身上装备.htm,158
docs/11-HeroM2兼容/01-功能操作命令/移动怪物到新坐标.md,移动怪物到新坐标,11-HeroM2兼容/01-功能操作命令,移动怪物到新坐标.htm,165
docs/11-HeroM2兼容/01-功能操作命令/移动某地图全部人物到另外一个地图.md,移动某地图全部人物到另外一个地图,11-HeroM2兼容/01-功能操作命令,移动某地图全部人物到另外一个地图.htm,86
docs/11-HeroM2兼容/01-功能操作命令/穿人模式.md,穿人模式,11-HeroM2兼容/01-功能操作命令,穿人模式.htm,129
docs/11-HeroM2兼容/01-功能操作命令/给予带绑定状态装备[!].md,给予带绑定状态装备[!],11-HeroM2兼容/01-功能操作命令,给予带绑定状态装备.htm,296
docs/11-HeroM2兼容/01-功能操作命令/给字符串增加空格.md,给字符串增加空格,11-HeroM2兼容/01-功能操作命令,给字符串增加空格.html,428
docs/11-HeroM2兼容/01-功能操作命令/自动寻路.md,自动寻路,11-HeroM2兼容/01-功能操作命令,自动寻路.htm,101
docs/11-HeroM2兼容/01-功能操作命令/自动穿戴装备.md,自动穿戴装备,11-HeroM2兼容/01-功能操作命令,自动穿戴装备.htm,344
docs/11-HeroM2兼容/01-功能操作命令/自定义颜色文字发送.md,自定义颜色文字发送,11-HeroM2兼容/01-功能操作命令,自定义颜色文字发送.htm,333
docs/11-HeroM2兼容/01-功能操作命令/英雄登录器荣誉.md,英雄登录器荣誉,11-HeroM2兼容/01-功能操作命令,英雄登录器荣誉.htm,94
docs/11-HeroM2兼容/01-功能操作命令/获取对面人物的名字.md,获取对面人物的名字,11-HeroM2兼容/01-功能操作命令,获取对面人物的名字.htm,111
docs/11-HeroM2兼容/01-功能操作命令/获取玩家名字.md,获取玩家名字,11-HeroM2兼容/01-功能操作命令,获取玩家名字.htm,104
docs/11-HeroM2兼容/01-功能操作命令/设置人物伤害吸收.md,设置人物伤害吸收,11-HeroM2兼容/01-功能操作命令,设置人物伤害吸收.htm,421
docs/11-HeroM2兼容/01-功能操作命令/设置人物商铺购买价格比例.md,设置人物商铺购买价格比例,11-HeroM2兼容/01-功能操作命令,设置人物商铺购买价格比例.htm,217
docs/11-HeroM2兼容/01-功能操作命令/设置物品和人物绑定[!].md,设置物品和人物绑定[!],11-HeroM2兼容/01-功能操作命令,设置物品和人物绑定.htm,328
docs/11-HeroM2兼容/01-功能操作命令/设置英雄伤害吸收.md,设置英雄伤害吸收,11-HeroM2兼容/01-功能操作命令,设置英雄伤害吸收.htm,280
docs/11-HeroM2兼容/01-功能操作命令/设置装备发光.md,设置装备发光,11-HeroM2兼容/01-功能操作命令,设置装备发光.htm,244
docs/11-HeroM2兼容/01-功能操作命令/设置装备绑定状态[!].md,设置装备绑定状态[!],11-HeroM2兼容/01-功能操作命令,设置装备绑定状态.htm,458
docs/11-HeroM2兼容/01-功能操作命令/读取文本内容到变量[!].md,读取文本内容到变量[!],11-HeroM2兼容/01-功能操作命令,读取文本内容到变量.htm,223
docs/11-HeroM2兼容/01-功能操作命令/调整英雄的PK值[!].md,调整英雄的PK值[!],11-HeroM2兼容/01-功能操作命令,调整英雄的PK值.htm,300
docs/11-HeroM2兼容/01-功能操作命令/调整英雄的忠诚度.md,调整英雄的忠诚度,11-HeroM2兼容/01-功能操作命令,调整英雄的忠诚度.htm,366
docs/11-HeroM2兼容/01-功能操作命令/调整英雄等级[!].md,调整英雄等级[!],11-HeroM2兼容/01-功能操作命令,调整英雄等级.htm,120
docs/11-HeroM2兼容/01-功能操作命令/调整英雄职业.md,调整英雄职业,11-HeroM2兼容/01-功能操作命令,调整英雄职业.htm,105
docs/11-HeroM2兼容/01-功能操作命令/随机验证码.md,随机验证码,11-HeroM2兼容/01-功能操作命令,随机验证码.htm,229
docs/11-HeroM2兼容/02-脚本检测命令/检查一个范围内怪物数.md,检查一个范围内怪物数,11-HeroM2兼容/02-脚本检测命令,检查一个范围内怪物数.htm,307
"docs/11-HeroM2兼容/02-脚本检测命令/检查人物所在地图是否允许使用记忆,夫妻,师徒传送.md","检查人物所在地图是否允许使用记忆,夫妻,师徒传送",11-HeroM2兼容/02-脚本检测命令,"检查人物所在地图是否允许使用记忆,夫妻,师徒传送.htm",72
docs/11-HeroM2兼容/02-脚本检测命令/检查人物是否在指定范围内.md,检查人物是否在指定范围内,11-HeroM2兼容/02-脚本检测命令,检查人物是否在指定范围内.htm,160
docs/11-HeroM2兼容/02-脚本检测命令/检查人物是否学习了某项魔法.md,检查人物是否学习了某项魔法,11-HeroM2兼容/02-脚本检测命令,检查人物是否学习了某项魔法.htm,60
docs/11-HeroM2兼容/02-脚本检测命令/检查人物杀死怪物的名字.md,检查人物杀死怪物的名字,11-HeroM2兼容/02-脚本检测命令,检查人物杀死怪物的名字.htm,221
docs/11-HeroM2兼容/02-脚本检测命令/检查人物被踢次数.md,检查人物被踢次数,11-HeroM2兼容/02-脚本检测命令,检查人物被踢次数.htm,55
docs/11-HeroM2兼容/02-脚本检测命令/检测服务器最高属性人物命令.md,检测服务器最高属性人物命令,11-HeroM2兼容/02-脚本检测命令,检查在线最高属性人物.htm,580
docs/11-HeroM2兼容/02-脚本检测命令/检查地图中的人物是否属于同一个行会.md,检查地图中的人物是否属于同一个行会,11-HeroM2兼容/02-脚本检测命令,检查地图中的人物是否属于同一个行会.htm,126
docs/11-HeroM2兼容/02-脚本检测命令/检查宝宝数量.md,检查宝宝数量,11-HeroM2兼容/02-脚本检测命令,检查宝宝数量.htm,899
docs/11-HeroM2兼容/02-脚本检测命令/检查宝宝最高等级.md,检查宝宝最高等级,11-HeroM2兼容/02-脚本检测命令,检查宝宝最高等级.htm,659
docs/11-HeroM2兼容/02-脚本检测命令/检查指定人物背包空格数量.md,检查指定人物背包空格数量,11-HeroM2兼容/02-脚本检测命令,检查指定人物背包空格数量.htm,80
docs/11-HeroM2兼容/02-脚本检测命令/检查指定范围内人物数量.md,检查指定范围内人物数量,11-HeroM2兼容/02-脚本检测命令,检查指定范围内人物数量.htm,191
docs/11-HeroM2兼容/02-脚本检测命令/检查是否有英雄.md,检查是否有英雄,11-HeroM2兼容/02-脚本检测命令,检查是否有英雄.htm,68
docs/11-HeroM2兼容/02-脚本检测命令/检查是被人物还是怪物杀死的.md,检查是被人物还是怪物杀死的,11-HeroM2兼容/02-脚本检测命令,检查是被人物还是怪物杀死的.htm,320
docs/11-HeroM2兼容/02-脚本检测命令/检查正在取下身上装备的名字.md,检查正在取下身上装备的名字,11-HeroM2兼容/02-脚本检测命令,检查正在取下身上装备的名字.htm,347
docs/11-HeroM2兼容/02-脚本检测命令/检查正在攻击中的怪物名字.md,检查正在攻击中的怪物名字,11-HeroM2兼容/02-脚本检测命令,检查正在攻击中的怪物名字.htm,122
docs/11-HeroM2兼容/02-脚本检测命令/检查正在穿身上装备的名字名字.md,检查正在穿身上装备的名字名字,11-HeroM2兼容/02-脚本检测命令,检查正在穿身上装备的名字.html,268
docs/11-HeroM2兼容/02-脚本检测命令/检查自己和宝宝之间的距离[!].md,检查自己和宝宝之间的距离[!],11-HeroM2兼容/02-脚本检测命令,检查自己和宝宝之间的距离[!].htm,156
docs/11-HeroM2兼容/02-脚本检测命令/检查英雄等级.md,检查英雄等级,11-HeroM2兼容/02-脚本检测命令,检查英雄等级.htm,100
docs/11-HeroM2兼容/02-脚本检测命令/检查装备升级次数.md,检查装备升级次数,11-HeroM2兼容/02-脚本检测命令,检查装备升级次数.htm,208
docs/11-HeroM2兼容/02-脚本检测命令/检测人物是否挂机.md,检测人物是否挂机,11-HeroM2兼容/02-脚本检测命令,检测人物是否挂机.htm,31
docs/11-HeroM2兼容/02-脚本检测命令/检测人物的伤害吸收.md,检测人物的伤害吸收,11-HeroM2兼容/02-脚本检测命令,检测人物的伤害吸收.htm,133
docs/11-HeroM2兼容/02-脚本检测命令/检测人物的攻击模式.md,检测人物的攻击模式,11-HeroM2兼容/02-脚本检测命令,检测人物的攻击模式.htm,123
docs/11-HeroM2兼容/02-脚本检测命令/检测字符串长度命令.md,检测字符串长度命令,11-HeroM2兼容/02-脚本检测命令,检测字符串长度命令.htm,200
docs/11-HeroM2兼容/02-脚本检测命令/检测当前宝石升级装备的名字.md,检测当前宝石升级装备的名字,11-HeroM2兼容/02-脚本检测命令,检测当前宝石升级装备的名字.htm,282
docs/11-HeroM2兼容/02-脚本检测命令/检测新属性.md,检测新属性,11-HeroM2兼容/02-脚本检测命令,检测新属性.htm,395
docs/11-HeroM2兼容/02-脚本检测命令/检测月份.md,检测月份,11-HeroM2兼容/02-脚本检测命令,检测月份.htm,192
docs/11-HeroM2兼容/02-脚本检测命令/检测本月的天数.md,检测本月的天数,11-HeroM2兼容/02-脚本检测命令,检测本月的天数.htm,204
docs/11-HeroM2兼容/02-脚本检测命令/检测物品持久.md,检测物品持久,11-HeroM2兼容/02-脚本检测命令,检测物品持久.htm,263
docs/11-HeroM2兼容/02-脚本检测命令/检测物品纯度.md,检测物品纯度,11-HeroM2兼容/02-脚本检测命令,检测物品纯度.htm,207
docs/11-HeroM2兼容/02-脚本检测命令/检测英雄登录器荣誉.md,检测英雄登录器荣誉,11-HeroM2兼容/02-脚本检测命令,检测英雄登录器荣誉.htm,115
docs/11-HeroM2兼容/02-脚本检测命令/检测英雄的PK值.md,检测英雄的PK值,11-HeroM2兼容/02-脚本检测命令,检测英雄的PK值.htm,62
docs/11-HeroM2兼容/02-脚本检测命令/检测英雄的伤害吸收.md,检测英雄的伤害吸收,11-HeroM2兼容/02-脚本检测命令,检测英雄的伤害吸收.htm,142
docs/11-HeroM2兼容/02-脚本检测命令/检测英雄的忠诚度.md,检测英雄的忠诚度,11-HeroM2兼容/02-脚本检测命令,检测英雄的忠诚度.htm,165
docs/11-HeroM2兼容/02-脚本检测命令/检测英雄职业.md,检测英雄职业,11-HeroM2兼容/02-脚本检测命令,检测英雄职业.htm,132
docs/11-HeroM2兼容/02-脚本检测命令/检测被自己杀死宝宝的名字.md,检测被自己杀死宝宝的名字,11-HeroM2兼容/02-脚本检测命令,检测被自己杀死宝宝的名字.htm,104
docs/11-HeroM2兼容/02-脚本检测命令/检测装备名字颜色.md,检测装备名字颜色,11-HeroM2兼容/02-脚本检测命令,检测装备名字颜色.htm,179
docs/11-HeroM2兼容/02-脚本检测命令/检测装备的附加属性总和[!].md,检测装备的附加属性总和[!],11-HeroM2兼容/02-脚本检测命令,检测装备的附加属性总和[!].htm,254
docs/11-HeroM2兼容/03-特殊触发功能/技能触发脚本功能.md,技能触发脚本功能,11-HeroM2兼容/03-特殊触发功能,技能触发脚本功能.htm,454
docs/11-HeroM2兼容/03-特殊触发功能/摆摊触发脚本.md,摆摊触发脚本,11-HeroM2兼容/03-特殊触发功能,摆摊触发脚本.htm,228
docs/11-HeroM2兼容/03-特殊触发功能/购买商铺物品时触发.md,购买商铺物品时触发,11-HeroM2兼容/03-特殊触发功能,购买商铺物品时触发.htm,450
docs/11-HeroM2兼容/04-游戏功能详解/宝石升级系统[!].md,宝石升级系统[!],11-HeroM2兼容/04-游戏功能详解,宝石升级系统[!].htm,2662
docs/11-HeroM2兼容/04-游戏功能详解/毒素武器[!].md,毒素武器[!],11-HeroM2兼容/04-游戏功能详解,毒素武器[!].htm,202
docs/03-功能操作命令/NPC界面调用怪物外形.md,NPC界面调用怪物外形,03-功能操作命令,NPC界面调用怪物外形.html,208
docs/00-更新日志/2021新增功能.md,2021新增功能,00-更新日志,page_1.html,0
docs/00-更新日志/嘲讽命令、吸怪.md,嘲讽命令、吸怪,00-更新日志,page_10.html,184
docs/00-更新日志/2021年3月20日.md,2021年3月20日,00-更新日志,page_11.html,0
docs/00-更新日志/新脚本带编号的写法.md,新脚本带编号的写法,00-更新日志,page_12.html,229
"docs/00-更新日志/新增命令遍历背包,获取物品信息.md","新增命令遍历背包,获取物品信息.",00-更新日志,page_13.html,512
docs/00-更新日志/新增命令读取文本行数.md,新增命令读取文本行数,00-更新日志,page_14.html,157
docs/00-更新日志/扩展字符串切割命令.md,扩展字符串切割命令,00-更新日志,page_15.html,339
docs/00-更新日志/新增可滑动的容器.md,新增可滑动的容器,00-更新日志,page_16.html,376
docs/00-更新日志/新增引导系统.md,新增引导系统,00-更新日志,page_17.html,1034
docs/00-更新日志/新增红点命令.md,新增红点命令,00-更新日志,page_18.html,286
docs/00-更新日志/通过唯一ID放入OK框.md,通过唯一ID放入OK框,00-更新日志,page_19.html,57
docs/00-更新日志/2021新增功能_1.md,2021新增功能,00-更新日志,page_2.html,0
docs/00-更新日志/新任务系统.md,新任务系统,00-更新日志,page_20.html,99
docs/00-更新日志/新增自动穿戴.md,新增自动穿戴,00-更新日志,page_21.html,61
docs/00-更新日志/自定义货币系统.md,自定义货币系统,00-更新日志,page_22.html,454
docs/00-更新日志/扩展脚本带参回调.md,扩展脚本带参回调,00-更新日志,page_23.html,526
docs/00-更新日志/2022年7月1日.md,2022年7月1日,00-更新日志,page_24.html,0
docs/00-更新日志/2022-07-01更新.md,2022-07-01更新,00-更新日志,page_25.html,0
docs/00-更新日志/人物开除退出行会触发.md,人物开除退出行会触发,00-更新日志,page_26.html,0
docs/00-更新日志/新主题.md,新主题,00-更新日志,page_27.html,0
docs/00-更新日志/人物退出行会前触发.md,人物退出行会前触发,00-更新日志,page_28.html,143
docs/00-更新日志/易宝阁详细说明.md,易宝阁详细说明,00-更新日志,page_29.html,1180
docs/00-更新日志/新增的隐身状态属性.md,新增的隐身状态属性,00-更新日志,page_3.html,178
"docs/00-更新日志/嘲讽命令,吸怪.md","嘲讽命令,吸怪",00-更新日志,page_4.html,0
docs/00-更新日志/无标题文档.md,无标题文档,00-更新日志,page_5.html,1437
docs/00-更新日志/一键回收功能.md,一键回收功能,00-更新日志,page_6.html,0
docs/00-更新日志/人物取下装备前触发、英雄取下装备前触发.md,人物取下装备前触发、英雄取下装备前触发,00-更新日志,page_7.html,524
docs/00-更新日志/个人商店物品上架触发、下架触发、停止个人商店物品上架、停止个人商店物品下架.md,个人商店物品上架触发、下架触发、停止个人商店物品上架、停止个人商店物品下架,00-更新日志,page_8.html,971
docs/00-更新日志/增加NPC面板可以改变字体大小.md,增加NPC面板可以改变字体大小,00-更新日志,page_9.html,140
docs/10-其他资料/Geem2历史更新记录.md,Geem2历史更新记录,10-其他资料,UpDate.htm,215032
docs/05-特殊触发功能/人物死亡掉落触发.md,人物死亡掉落触发,05-特殊触发功能,人物死亡掉落触发.html,496
docs/03-功能操作命令/修改宝宝属性_1.md,修改宝宝属性,03-功能操作命令,修改宝宝属性.html,1777
docs/05-特殊触发功能/切换攻击模式触发.md,切换攻击模式触发,05-特殊触发功能,切换攻击模式触发.html,122
docs/03-功能操作命令/新主题.md,新主题,03-功能操作命令,取两个时间之间的相差.html,296
docs/03-功能操作命令/回收指定位置装备.md,回收指定位置装备,03-功能操作命令,回收指定位置装备.html,424
docs/03-功能操作命令/无标题文档.md,无标题文档,03-功能操作命令,地图参数限制时间.html,351
docs/03-功能操作命令/无标题文档_1.md,无标题文档,03-功能操作命令,增加获取物品数量.html,155
docs/00-更新日志/官方主页.md,官方主页,00-更新日志,官方主页.htm,2220
docs/03-功能操作命令/打开NPC对话框.md,打开NPC对话框,03-功能操作命令,打开NPC对话框.html,516
docs/10-其他资料/增加NPC面板可以改变字体大小.md,增加NPC面板可以改变字体大小,10-其他资料,改变字体大小.html,139
docs/03-功能操作命令/文本字符交换替换命令.md,文本字符交换替换命令,03-功能操作命令,文本字符交换替换命令.html,388
docs/10-其他资料/新怪物数据[!].md,新怪物数据[!],10-其他资料,新怪物数据[!].htm,12358
docs/04-脚本检测命令/检测地图NPC坐标.md,检测地图NPC坐标,04-脚本检测命令,检测地图NPC坐标.html,247
docs/04-脚本检测命令/检测地图怪物坐标.md,检测地图怪物坐标,04-脚本检测命令,检测地图怪物坐标.html,211
docs/04-脚本检测命令/检测英雄怒气值命令.md,检测英雄怒气值命令,04-脚本检测命令,检测英雄怒气值.html,168
docs/05-特殊触发功能/物品进入背包触发.md,物品进入背包触发,05-特殊触发功能,物品进入背包触发.html,126
docs/10-其他资料/神佑盒扩展.md,神佑盒扩展,10-其他资料,神佑盒扩展.html,3927
docs/05-特殊触发功能/人物穿戴前触发_英雄穿戴前触发.md,人物穿戴前触发/英雄穿戴前触发,05-特殊触发功能,穿戴前触发.html,553
docs/03-功能操作命令/背包物品放入仓库命令.md,背包物品放入仓库命令,03-功能操作命令,背包物品放入仓库.html,227
docs/03-功能操作命令/脚本开启行会战争.md,脚本开启行会战争,03-功能操作命令,脚本命令开启行会战.html,154
docs/08-脚本实例/脚本性能原子钟.md,脚本性能原子钟,08-脚本实例,脚本性能原子钟.html,302
docs/03-功能操作命令/无标题文档_2.md,无标题文档,03-功能操作命令,获取指定位置的物品数量.html,155
docs/03-功能操作命令/获取行会人数脚本命令.md,获取行会人数脚本命令,03-功能操作命令,获取行会人数脚本命令.html,208
docs/10-其他资料/无标题文档.md,无标题文档,10-其他资料,角色打怪自动拾取.html,1437
docs/03-功能操作命令/调整人物属性百分比加成.md,调整人物属性百分比加成,03-功能操作命令,调整人物属性百分比.html,626
docs/08-脚本实例/新主题.md,新主题,08-脚本实例,高效的计算方式.html,242
